"","Site","Date","Turbidity","TSS","ChlA","DOC","DTN","pH","ANC","SC","Na","NH4","K","Mg","Ca","F","Cl","NO3","PO4","SO4","FCW_Number","Year","site_code","Lat","Long","location","Campaign","watershed","status","Buffer_Level","Watershed_Level","distance_upstream_km","season","Distance","Xdistance","order"
"1","JWC-Joe Wright @ Aspen Glen Campground",2014-09-15,NA,NA,NA,2.71,0.14,7.59,346.52,40,1.41,0.02,0.72,1.01,5.3,0.05,0.36,0.07,0,1.92,1,2014,"JWC",40.62055,-105.8183,"Mainstem","Mainstem","CLP Mainstem-Canyon","Partially Burned",NA,NA,80.916,"FALL","18 - JWC",19,"19"
"2","Poudre Below Rustic",2014-09-15,NA,NA,NA,2.61,0.16,7.6,352.09,45.6,1.61,0.02,0.69,1.2,5.9,0.12,0.45,0.15,0,3.89,5,2014,"PBR",40.700221,-105.544028,"Mainstem","Mainstem","CLP Mainstem-Canyon","Partially Burned",NA,NA,47.262,"FALL","21 - PBR",22,"22"
"3","Poudre Above Joe Wright",2014-09-15,NA,NA,NA,2.48,0.21,7.5,274.41,43.3,1.25,0.01,0.54,1.03,5.65,0.19,0.2,0.38,0,5.44,3,2014,"PJW",40.634567,-105.807017,"Mainstem","Mainstem","CLP Mainstem-Canyon","Partially Burned",NA,NA,80.916,"FALL","19 - PJW",20,"20"
"4","Poudre Above North Fork",2014-09-15,NA,NA,NA,2.71,0.14,7.67,439.8,53,2.14,0.03,0.72,1.42,6.5,0.13,0.77,0.07,0,3.99,8,2014,"PNF",40.702459,-105.241588,"Mainstem","Mainstem","CLP Mainstem-Canyon","Partially Burned",NA,NA,7.471,"FALL","24 - PNF",25,"25"
"5","Poudre Below S. Fork",2014-09-15,NA,NA,NA,2.63,0.15,7.61,515.51,46.6,1.79,0.03,0.68,1.22,5.85,0.12,0.49,0.1,0,3.81,7,2014,"PSF",40.694953,-105.448748,"Mainstem","Mainstem","CLP Mainstem-Canyon","Partially Burned",NA,NA,33.951,"FALL","23 - PSF",24,"24"
"6","Poudre South Fork",2014-09-15,NA,NA,NA,3.3,0.15,7.56,334.83,41,2.57,0.03,0.61,1.15,4.67,0.14,0.54,0.02,0,2.38,6,2014,"SFM",40.61825,-105.525583,"Mainstem","South Fork","CLP Mainstem-Canyon","Partially Burned",NA,NA,53.476,"FALL","22 - SFM",23,"23"
"7","Poudre Below Rustic",2015-01-16,NA,NA,NA,2.54,0.21,7.8,609.43,66.7,3.15,0.04,0.91,1.93,7.41,0.09,1.44,0.36,0,3.18,10,2015,"PBR",40.700221,-105.544028,"Mainstem","Mainstem","CLP Mainstem-Canyon","Partially Burned",NA,NA,47.262,"FALL","21 - PBR",22,"22"
"8","Poudre Above North Fork",2015-01-16,NA,NA,NA,1.95,0.26,7.86,766.23,86,4.38,0.05,0.9,2.44,9.43,0.14,2.36,0.63,0,4.35,15,2015,"PNF",40.702459,-105.241588,"Mainstem","Mainstem","CLP Mainstem-Canyon","Partially Burned",NA,NA,7.471,"FALL","24 - PNF",25,"25"
"9","Poudre South Fork",2015-01-16,NA,NA,NA,2.8,0.21,7.78,594.17,65.8,3.4,0.02,0.84,1.89,7.22,0.12,1.35,0.49,0,3.4,11,2015,"SFM",40.61825,-105.525583,"Mainstem","South Fork","CLP Mainstem-Canyon","Partially Burned",NA,NA,53.476,"FALL","22 - SFM",23,"23"
"10","Poudre Below Rustic",2015-03-18,NA,NA,NA,2.48,0.15,7.79,594.41,64.8,3.16,0.02,0.89,1.84,7.05,0.09,1.55,0,0,2.86,17,2015,"PBR",40.700221,-105.544028,"Mainstem","Mainstem","CLP Mainstem-Canyon","Partially Burned",NA,NA,47.262,"FALL","21 - PBR",22,"22"
"11","Poudre Above North Fork",2015-03-18,NA,NA,NA,2.59,0.22,7.88,775.4,88.6,4.51,0.03,0.97,2.55,9.62,0.15,2.84,0.3,0,4.88,24,2015,"PNF",40.702459,-105.241588,"Mainstem","Mainstem","CLP Mainstem-Canyon","Partially Burned",NA,NA,7.471,"FALL","24 - PNF",25,"25"
"12","Poudre South Fork",2015-03-18,NA,NA,NA,2.42,0.17,7.76,605.17,65.4,3.44,0.01,0.9,1.89,7.11,0.12,1.46,0.11,0,3.25,18,2015,"SFM",40.61825,-105.525583,"Mainstem","South Fork","CLP Mainstem-Canyon","Partially Burned",NA,NA,53.476,"FALL","22 - SFM",23,"23"
"13","JWC-Joe Wright @ Aspen Glen Campground",2015-04-20,NA,NA,NA,4.63,0.23,7.75,504.9,57.8,2.45,0.03,0.89,1.33,6.88,0.06,1.34,0.05,0,2.36,27,2015,"JWC",40.62055,-105.8183,"Mainstem","Mainstem","CLP Mainstem-Canyon","Partially Burned",NA,NA,80.916,"FALL","18 - JWC",19,"19"
"14","Poudre Below Rustic",2015-04-20,NA,NA,NA,4.89,0.19,7.69,487.17,55.7,2.92,0.02,0.87,1.57,6.1,0.07,1.25,0,0,2.7,31,2015,"PBR",40.700221,-105.544028,"Mainstem","Mainstem","CLP Mainstem-Canyon","Partially Burned",NA,NA,47.262,"FALL","21 - PBR",22,"22"
"15","Poudre Above Joe Wright",2015-04-20,NA,NA,NA,6.26,0.3,7.53,324.13,37.8,2.12,0.03,0.68,1,4.3,0.06,0.46,0.15,0,1.75,28,2015,"PJW",40.634567,-105.807017,"Mainstem","Mainstem","CLP Mainstem-Canyon","Partially Burned",NA,NA,80.916,"FALL","19 - PJW",20,"20"
"16","Poudre Above North Fork",2015-04-20,NA,NA,NA,4.98,0.46,7.78,629.15,87,4.73,0.04,0.98,2.37,9.53,0.15,3.66,1.22,0,5.19,35,2015,"PNF",40.702459,-105.241588,"Mainstem","Mainstem","CLP Mainstem-Canyon","Partially Burned",NA,NA,7.471,"FALL","24 - PNF",25,"25"
"17","Poudre South Fork",2015-04-20,NA,NA,NA,4.41,0.22,7.72,504.97,58.5,3.18,0.02,0.81,1.66,6.29,0.09,1.33,0.16,0,3.4,30,2015,"SFM",40.61825,-105.525583,"Mainstem","South Fork","CLP Mainstem-Canyon","Partially Burned",NA,NA,53.476,"FALL","22 - SFM",23,"23"
"18","JWC-Joe Wright @ Aspen Glen Campground",2015-06-08,NA,NA,NA,4.74,0.33,7.55,385.34,41.5,1.77,0.02,0.82,1.07,5.23,0.04,0.5,0.49,0,1.82,44,2015,"JWC",40.62055,-105.8183,"Mainstem","Mainstem","CLP Mainstem-Canyon","Partially Burned",NA,NA,80.916,"FALL","18 - JWC",19,"19"
"19","Poudre Below Rustic",2015-06-08,NA,NA,NA,6.35,0.32,7.35,248.58,32,1.71,0.02,0.66,0.9,3.74,0.06,0.46,0.48,0,1.97,37,2015,"PBR",40.700221,-105.544028,"Mainstem","Mainstem","CLP Mainstem-Canyon","Partially Burned",NA,NA,47.262,"FALL","21 - PBR",22,"22"
"20","Poudre Above Joe Wright",2015-06-08,NA,NA,NA,7.08,0.39,7.14,162.72,25.6,1.24,0.01,0.57,0.67,3.02,0.08,0.28,0.9,0,2,38,2015,"PJW",40.634567,-105.807017,"Mainstem","Mainstem","CLP Mainstem-Canyon","Partially Burned",NA,NA,80.916,"FALL","19 - PJW",20,"20"
"21","Poudre Above North Fork",2015-06-08,NA,NA,NA,6.45,0.34,7.46,344.59,42.7,2.24,0.03,0.73,1.18,4.91,0.1,0.94,0.53,0,2.64,40,2015,"PNF",40.702459,-105.241588,"Mainstem","Mainstem","CLP Mainstem-Canyon","Partially Burned",NA,NA,7.471,"FALL","24 - PNF",25,"25"
"22","Poudre South Fork",2015-06-08,NA,NA,NA,6.39,0.32,7.35,258.97,33.8,1.85,0.02,0.65,0.93,3.85,0.08,0.5,0.5,0,2.16,39,2015,"SFM",40.61825,-105.525583,"Mainstem","South Fork","CLP Mainstem-Canyon","Partially Burned",NA,NA,53.476,"FALL","22 - SFM",23,"23"
"23","JWC-Joe Wright @ Aspen Glen Campground",2015-06-22,NA,NA,NA,3.89,0.34,7.51,308.42,35.9,1.42,0.02,0.74,0.9,4.4,0.05,0.35,0.93,0,1.64,50,2015,"JWC",40.62055,-105.8183,"Mainstem","Mainstem","CLP Mainstem-Canyon","Partially Burned",NA,NA,80.916,"FALL","18 - JWC",19,"19"
"24","Poudre Below Rustic",2015-06-22,NA,NA,NA,4.88,0.4,7.38,241.21,31.9,1.61,0.02,0.63,0.83,3.57,0.08,0.4,0.96,0,1.78,49,2015,"PBR",40.700221,-105.544028,"Mainstem","Mainstem","CLP Mainstem-Canyon","Partially Burned",NA,NA,47.262,"FALL","21 - PBR",22,"22"
"25","Poudre Above Joe Wright",2015-06-22,NA,NA,NA,5.24,0.4,7.24,157.51,24.9,1.25,0.02,0.47,0.65,2.8,0.1,0.21,1.07,0,1.72,54,2015,"PJW",40.634567,-105.807017,"Mainstem","Mainstem","CLP Mainstem-Canyon","Partially Burned",NA,NA,80.916,"FALL","19 - PJW",20,"20"
"26","Poudre Above North Fork",2015-06-22,NA,NA,NA,5,0.38,7.53,310.16,39.2,2.05,0.03,0.63,1.05,4.32,0.11,0.74,0.74,0,2.24,53,2015,"PNF",40.702459,-105.241588,"Mainstem","Mainstem","CLP Mainstem-Canyon","Partially Burned",NA,NA,7.471,"FALL","24 - PNF",25,"25"
"27","Poudre South Fork",2015-06-22,NA,NA,NA,4.97,0.37,7.43,255.1,32.7,1.71,0.02,0.58,0.87,3.56,0.09,0.43,0.72,0,1.85,48,2015,"SFM",40.61825,-105.525583,"Mainstem","South Fork","CLP Mainstem-Canyon","Partially Burned",NA,NA,53.476,"FALL","22 - SFM",23,"23"
"28","JWC-Joe Wright @ Aspen Glen Campground",2015-07-13,NA,NA,NA,3.02,0.3,7.56,320.09,35.8,1.42,0.02,0.72,0.87,4.37,0.05,0.35,0.81,0,1.61,55,2015,"JWC",40.62055,-105.8183,"Mainstem","Mainstem","CLP Mainstem-Canyon","Partially Burned",NA,NA,80.916,"FALL","18 - JWC",19,"19"
"29","Poudre Below Rustic",2015-07-13,NA,NA,NA,3.3,0.27,7.58,317.29,39.1,1.66,0.02,0.62,1.01,4.44,0.09,0.38,0.62,0,2.43,59,2015,"PBR",40.700221,-105.544028,"Mainstem","Mainstem","CLP Mainstem-Canyon","Partially Burned",NA,NA,47.262,"FALL","21 - PBR",22,"22"
"30","Poudre Above Joe Wright",2015-07-13,NA,NA,NA,3.75,0.33,7.4,222.6,32.2,1.34,0.02,0.49,0.8,3.78,0.14,0.2,0.92,0,3.04,62,2015,"PJW",40.634567,-105.807017,"Mainstem","Mainstem","CLP Mainstem-Canyon","Partially Burned",NA,NA,80.916,"FALL","19 - PJW",20,"20"
"31","Poudre Above North Fork",2015-07-13,NA,NA,NA,3.91,0.33,7.68,293.24,51.2,2.48,0.02,0.69,1.4,5.73,0.13,0.96,0.77,0,3.07,56,2015,"PNF",40.702459,-105.241588,"Mainstem","Mainstem","CLP Mainstem-Canyon","Partially Burned",NA,NA,7.471,"FALL","24 - PNF",25,"25"
"32","Poudre South Fork",2015-07-13,NA,NA,NA,3.81,0.31,7.58,343.44,41.9,1.99,0.02,0.64,1.12,4.73,0.11,0.49,0.65,0,2.66,61,2015,"SFM",40.61825,-105.525583,"Mainstem","South Fork","CLP Mainstem-Canyon","Partially Burned",NA,NA,53.476,"FALL","22 - SFM",23,"23"
"33","JWC-Joe Wright @ Aspen Glen Campground",2015-08-17,NA,NA,NA,2.59,0.31,6.88,332.05,38.1,1.53,0.02,0.78,0.99,5.11,0.06,0.29,0.56,0,1.91,71,2015,"JWC",40.62055,-105.8183,"Mainstem","Mainstem","CLP Mainstem-Canyon","Partially Burned",NA,NA,80.916,"FALL","18 - JWC",19,"19"
"34","Poudre Below Rustic",2015-08-17,NA,NA,NA,2.5,0.23,7.46,371.43,44.3,1.76,0.01,0.7,1.19,5.48,0.13,0.4,0.45,0,3.48,65,2015,"PBR",40.700221,-105.544028,"Mainstem","Mainstem","CLP Mainstem-Canyon","Partially Burned",NA,NA,47.262,"FALL","21 - PBR",22,"22"
"35","Poudre Above Joe Wright",2015-08-17,NA,NA,NA,3.11,0.26,6.7,193.11,40.6,1.4,0.02,0.61,1,5.26,0.19,0.27,0.7,0,5.02,66,2015,"PJW",40.634567,-105.807017,"Mainstem","Mainstem","CLP Mainstem-Canyon","Partially Burned",NA,NA,80.916,"FALL","19 - PJW",20,"20"
"36","Poudre Above North Fork",2015-08-17,NA,NA,NA,3.5,0.3,6.97,294.18,61.9,2.57,0.03,0.8,1.57,6.79,0.13,0.94,0.19,0,3.69,69,2015,"PNF",40.702459,-105.241588,"Mainstem","Mainstem","CLP Mainstem-Canyon","Partially Burned",NA,NA,7.471,"FALL","24 - PNF",25,"25"
"37","Poudre South Fork",2015-08-17,NA,NA,NA,3.01,0.27,6.9,216.89,48.3,2.04,0.03,0.74,1.25,5.5,0.07,0.5,0.19,0,3.43,72,2015,"SFM",40.61825,-105.525583,"Mainstem","South Fork","CLP Mainstem-Canyon","Partially Burned",NA,NA,53.476,"FALL","22 - SFM",23,"23"
"38","Poudre Below Rustic",2015-09-14,NA,NA,NA,2.01,0.22,7.81,613.37,66.4,3,0.03,1.05,1.94,7.6,0.13,1.33,0.48,0,3.58,75,2015,"PBR",40.700221,-105.544028,"Mainstem","Mainstem","CLP Mainstem-Canyon","Partially Burned",NA,NA,47.262,"FALL","21 - PBR",22,"22"
"39","Poudre Above Joe Wright",2015-09-14,NA,NA,NA,2.09,0.2,7.56,349.1,39.8,2.07,0.02,0.56,0.96,4.18,0.16,0.34,0.34,0,3.09,80,2015,"PJW",40.634567,-105.807017,"Mainstem","Mainstem","CLP Mainstem-Canyon","Partially Burned",NA,NA,80.916,"FALL","19 - PJW",20,"20"
"40","Poudre Above North Fork",2015-09-14,NA,NA,NA,4.68,0.26,7.45,699.7,79.7,3.9,0.04,1.01,2.25,9.3,0.17,2.1,0.43,0,4.31,73,2015,"PNF",40.702459,-105.241588,"Mainstem","Mainstem","CLP Mainstem-Canyon","Partially Burned",NA,NA,7.471,"FALL","24 - PNF",25,"25"
"41","Poudre South Fork",2015-09-14,NA,NA,NA,2.21,0.2,7.82,587.32,65.2,3.15,0.03,0.89,1.8,6.99,0.15,1.07,0.37,0,3.26,78,2015,"SFM",40.61825,-105.525583,"Mainstem","South Fork","CLP Mainstem-Canyon","Partially Burned",NA,NA,53.476,"FALL","22 - SFM",23,"23"
"42","JWC-Joe Wright @ Aspen Glen Campground",2015-10-12,NA,NA,NA,2.64,0.13,7.8,618.24,62.3,2.38,0.02,0.94,1.51,7.96,0.07,0.97,0.03,0,2.24,82,2015,"JWC",40.62055,-105.8183,"Mainstem","Mainstem","CLP Mainstem-Canyon","Partially Burned",NA,NA,80.916,"FALL","18 - JWC",19,"19"
"43","Poudre Below Rustic",2015-10-12,NA,NA,NA,1.83,0.11,7.85,682.37,74.5,3.57,0.03,1.11,2.17,7.9,0.15,2.44,0.04,0,3.75,86,2015,"PBR",40.700221,-105.544028,"Mainstem","Mainstem","CLP Mainstem-Canyon","Partially Burned",NA,NA,47.262,"FALL","21 - PBR",22,"22"
"44","Poudre Above Joe Wright",2015-10-12,NA,NA,NA,1.91,0.13,7.62,374.21,45.5,2.26,0.02,0.62,1.11,4.77,0.15,0.54,0.17,0,3.49,85,2015,"PJW",40.634567,-105.807017,"Mainstem","Mainstem","CLP Mainstem-Canyon","Partially Burned",NA,NA,80.916,"FALL","19 - PJW",20,"20"
"45","Poudre Above North Fork",2015-10-12,NA,NA,NA,2.17,0.12,7.96,897.5,98.2,5,0.05,1.12,2.77,10.71,0.2,3.66,0.09,0,5.04,81,2015,"PNF",40.702459,-105.241588,"Mainstem","Mainstem","CLP Mainstem-Canyon","Partially Burned",NA,NA,7.471,"FALL","24 - PNF",25,"25"
"46","Poudre South Fork",2015-10-12,NA,NA,NA,2.1,0.09,7.84,660.53,72,3.54,0.03,0.92,1.94,7.2,0.16,1.52,0.01,0,3.51,84,2015,"SFM",40.61825,-105.525583,"Mainstem","South Fork","CLP Mainstem-Canyon","Partially Burned",NA,NA,53.476,"FALL","22 - SFM",23,"23"
"47","JWC-Joe Wright @ Aspen Glen Campground",2015-11-09,NA,NA,NA,2.69,0.15,7.85,710.02,74.5,3.11,0.02,1.17,1.71,9.27,0.08,1.36,0.13,0,2.41,90,2015,"JWC",40.62055,-105.8183,"Mainstem","Mainstem","CLP Mainstem-Canyon","Partially Burned",NA,NA,80.916,"FALL","18 - JWC",19,"19"
"48","Poudre Below Rustic",2015-11-09,NA,NA,NA,1.67,0.13,7.88,694.41,75.6,3.96,0.03,1.2,2.27,8.01,0.13,1.94,0.27,0,3.65,93,2015,"PBR",40.700221,-105.544028,"Mainstem","Mainstem","CLP Mainstem-Canyon","Partially Burned",NA,NA,47.262,"FALL","21 - PBR",22,"22"
"49","Poudre Above Joe Wright",2015-11-09,NA,NA,NA,1.9,0.24,7.65,394.29,45.1,2.88,0.02,0.89,1.14,4.65,0.13,0.55,0.69,0,2.44,95,2015,"PJW",40.634567,-105.807017,"Mainstem","Mainstem","CLP Mainstem-Canyon","Partially Burned",NA,NA,80.916,"FALL","19 - PJW",20,"20"
"50","Poudre Above North Fork",2015-11-09,NA,NA,NA,1.87,0.2,8.02,1014.81,115.1,6.03,0.05,1.12,3.25,12.25,0.21,4.86,0.43,0,5.83,91,2015,"PNF",40.702459,-105.241588,"Mainstem","Mainstem","CLP Mainstem-Canyon","Partially Burned",NA,NA,7.471,"FALL","24 - PNF",25,"25"
"51","Poudre South Fork",2015-11-09,NA,NA,NA,1.75,0.14,7.89,731.51,79.1,3.95,0.01,0.99,2.18,7.79,0.15,2.37,0.27,0,3.91,96,2015,"SFM",40.61825,-105.525583,"Mainstem","South Fork","CLP Mainstem-Canyon","Partially Burned",NA,NA,53.476,"FALL","22 - SFM",23,"23"
"52","Poudre Above North Fork",2020-11-16,NA,NA,NA,1.8,0.22,7.89,799.61,102.85,4.14,0.01,1.17,2.25,11.61,0.09,2.31,0.45,0,5.59,220,2020,"PNF",40.702459,-105.241588,"Mainstem","Mainstem","CLP Mainstem-Canyon","Partially Burned",NA,NA,7.471,"FALL","24 - PNF",25,"25"
"53","Poudre Above Joe Wright",2021-04-07,1.9,9.52,NA,5.48,0.63,7.18,350.32,41.68,1.78,0.05,1.21,1.09,4.01,0.09,0.61,0.83,0,2.19,232,2021,"PJW",40.634567,-105.807017,"Mainstem","Mainstem","CLP Mainstem-Canyon","Partially Burned",NA,NA,80.916,"SPRING","19 - PJW",20,"20"
"54","JWC-Joe Wright @ Aspen Glen Campground",2021-04-07,NA,NA,NA,2.64,0.23,7.39,482.68,52,2.15,0.01,0.8,1.08,5.55,0.04,0.55,0.1,0,2.5,237,2021,"JWC",40.62055,-105.8183,"Mainstem","Mainstem","CLP Mainstem-Canyon","Partially Burned",NA,NA,80.916,"SPRING","18 - JWC",19,"19"
"55","Poudre Below Rustic",2021-04-07,NA,NA,NA,1.86,0.19,7.31,586.51,63.56,5.12,0.02,1.04,2.56,4.4,0.11,0.79,0.06,0.07,2.51,227,2021,"PBR",40.700221,-105.544028,"Mainstem","Mainstem","CLP Mainstem-Canyon","Partially Burned",NA,NA,47.262,"SPRING","21 - PBR",22,"22"
"56","Poudre Above North Fork",2021-04-07,NA,NA,NA,4.44,0.74,7.82,1398.41,135.9,3.67,0.09,1.08,3.1,13.74,0.05,0.68,0.58,0,5.47,229,2021,"PNF",40.702459,-105.241588,"Mainstem","Mainstem","CLP Mainstem-Canyon","Partially Burned",NA,NA,7.471,"SPRING","24 - PNF",25,"25"
"57","Poudre Below S. Fork",2021-04-07,NA,NA,NA,4.99,0.31,7.34,550.29,92.89,2.28,0,1.28,2.77,9.9,0.07,1.42,0.12,0,12.23,225,2021,"PSF",40.694953,-105.448748,"Mainstem","Mainstem","CLP Mainstem-Canyon","Partially Burned",NA,NA,33.951,"SPRING","23 - PSF",24,"24"
"58","Poudre South Fork",2021-04-07,NA,NA,NA,6.44,0.52,7.36,404.05,50.82,3,0.08,0.78,1.29,5.01,0.08,0.76,0.61,0,3.56,238,2021,"SFM",40.61825,-105.525583,"Mainstem","South Fork","CLP Mainstem-Canyon","Partially Burned",NA,NA,53.476,"SPRING","22 - SFM",23,"23"
"59","Poudre Above Joe Wright",2021-04-12,1.5,0.98,NA,6.08,0.62,7.08,347.11,42.65,1.98,0.01,1.06,1.11,4.02,0.11,0.69,0.29,0,2.21,243,2021,"PJW",40.634567,-105.807017,"Mainstem","Mainstem","CLP Mainstem-Canyon","Partially Burned",NA,NA,80.916,"SPRING","19 - PJW",20,"20"
"60","JWC-Joe Wright @ Aspen Glen Campground",2021-04-12,NA,NA,NA,2.93,0.18,7.26,503.64,49.26,1.82,0.02,0.72,1.11,5.09,0.05,0.8,0.11,0,2.52,242,2021,"JWC",40.62055,-105.8183,"Mainstem","Mainstem","CLP Mainstem-Canyon","Partially Burned",NA,NA,80.916,"SPRING","18 - JWC",19,"19"
"61","Poudre Below Rustic",2021-04-12,NA,NA,NA,4.53,0.27,7.45,624.54,64.23,2.18,0.01,0.97,1.74,6.21,0.07,1.39,0.08,0,3.05,245,2021,"PBR",40.700221,-105.544028,"Mainstem","Mainstem","CLP Mainstem-Canyon","Partially Burned",NA,NA,47.262,"SPRING","21 - PBR",22,"22"
"62","Poudre Above North Fork",2021-04-12,NA,NA,NA,4.87,0.25,7.55,743.27,91.12,4.21,0.01,1.12,2.09,10.98,0.11,2.56,0.43,0,5.39,248,2021,"PNF",40.702459,-105.241588,"Mainstem","Mainstem","CLP Mainstem-Canyon","Partially Burned",NA,NA,7.471,"SPRING","24 - PNF",25,"25"
"63","Poudre Below S. Fork",2021-04-12,NA,NA,NA,4.88,0.33,7.36,503.4,68.96,2.66,0.01,0.94,1.85,6.26,0.11,1.41,0.13,0,3.3,247,2021,"PSF",40.694953,-105.448748,"Mainstem","Mainstem","CLP Mainstem-Canyon","Partially Burned",NA,NA,33.951,"SPRING","23 - PSF",24,"24"
"64","Poudre South Fork",2021-04-12,NA,NA,NA,5.19,0.48,7.33,393.02,49.64,2.89,0.01,0.8,1.22,5.03,0.08,0.81,0.62,0,3.64,246,2021,"SFM",40.61825,-105.525583,"Mainstem","South Fork","CLP Mainstem-Canyon","Partially Burned",NA,NA,53.476,"SPRING","22 - SFM",23,"23"
"65","Poudre Above Joe Wright",2021-04-19,1.4,0,NA,4.29,0.44,7.27,381.18,42.42,2.02,0.01,0.99,1.08,4.12,0.12,0.65,0.3,0,2.29,265,2021,"PJW",40.634567,-105.807017,"Mainstem","Mainstem","CLP Mainstem-Canyon","Partially Burned",NA,NA,80.916,"SPRING","19 - PJW",20,"20"
"66","JWC-Joe Wright @ Aspen Glen Campground",2021-04-19,NA,NA,NA,4.12,0.3,7.37,499.82,52.97,1.72,0.01,0.78,1.21,5.55,0.05,0.59,0.05,0,2.5,264,2021,"JWC",40.62055,-105.8183,"Mainstem","Mainstem","CLP Mainstem-Canyon","Partially Burned",NA,NA,80.916,"SPRING","18 - JWC",19,"19"
"67","Poudre Below Rustic",2021-04-19,NA,NA,NA,3.69,0.23,7.47,574.46,62.08,2.77,0.01,0.94,1.72,6.01,0.07,1.41,0.11,0,2.95,267,2021,"PBR",40.700221,-105.544028,"Mainstem","Mainstem","CLP Mainstem-Canyon","Partially Burned",NA,NA,47.262,"SPRING","21 - PBR",22,"22"
"68","Poudre Above North Fork",2021-04-19,NA,NA,NA,4.31,0.26,7.63,700.11,98.59,4.34,0.01,1.06,1.98,10.54,0.11,2.96,0.42,0,5.3,270,2021,"PNF",40.702459,-105.241588,"Mainstem","Mainstem","CLP Mainstem-Canyon","Partially Burned",NA,NA,7.471,"SPRING","24 - PNF",25,"25"
"69","Poudre Below S. Fork",2021-04-19,NA,NA,NA,3.87,0.2,7.5,480.83,58.53,2.74,0.11,0.98,1.8,6.02,0.1,1.38,0.14,0,3.33,268,2021,"PSF",40.694953,-105.448748,"Mainstem","Mainstem","CLP Mainstem-Canyon","Partially Burned",NA,NA,33.951,"SPRING","23 - PSF",24,"24"
"70","Poudre South Fork",2021-04-19,NA,NA,NA,3.63,0.36,7.28,381.79,48.37,2.87,0.01,0.79,1.28,4.79,0.08,0.78,0.57,0,3.75,260,2021,"SFM",40.61825,-105.525583,"Mainstem","South Fork","CLP Mainstem-Canyon","Partially Burned",NA,NA,53.476,"SPRING","22 - SFM",23,"23"
"71","Poudre Above Joe Wright",2021-04-26,NA,0,NA,4.37,0.65,6.97,340.96,40.27,2.1,0.01,0.99,1.07,3.98,0.1,0.71,0.34,0,2.27,285,2021,"PJW",40.634567,-105.807017,"Mainstem","Mainstem","CLP Mainstem-Canyon","Partially Burned",NA,NA,80.916,"SPRING","19 - PJW",20,"20"
"72","JWC-Joe Wright @ Aspen Glen Campground",2021-04-26,NA,NA,NA,3.6,0.24,7.2,537.61,54.07,1.75,0.02,0.81,1.34,5.79,0.05,0.92,0.06,0,2.5,284,2021,"JWC",40.62055,-105.8183,"Mainstem","Mainstem","CLP Mainstem-Canyon","Partially Burned",NA,NA,80.916,"SPRING","18 - JWC",19,"19"
"73","Poudre Below Rustic",2021-04-26,NA,NA,NA,3.78,0.22,7.63,623.79,63.29,2.78,0.01,0.91,1.82,5.35,0.06,1.38,0.12,0,2.91,287,2021,"PBR",40.700221,-105.544028,"Mainstem","Mainstem","CLP Mainstem-Canyon","Partially Burned",NA,NA,47.262,"SPRING","21 - PBR",22,"22"
"74","Poudre Above North Fork",2021-04-26,NA,NA,NA,5.58,0.33,7.48,708.45,97.46,4.25,0.01,1.01,1.92,10.55,0.1,3.01,0.48,0,5.34,292,2021,"PNF",40.702459,-105.241588,"Mainstem","Mainstem","CLP Mainstem-Canyon","Partially Burned",NA,NA,7.471,"SPRING","24 - PNF",25,"25"
"75","Poudre Below S. Fork",2021-04-26,NA,NA,NA,4.48,0.22,7.55,484.99,58.75,2.94,0.01,0.84,1.78,5.95,0.11,1.45,0.12,0,3.2,290,2021,"PSF",40.694953,-105.448748,"Mainstem","Mainstem","CLP Mainstem-Canyon","Partially Burned",NA,NA,33.951,"SPRING","23 - PSF",24,"24"
"76","Poudre South Fork",2021-04-26,NA,NA,NA,4.62,0.4,7.25,382.84,51.62,2.91,0.01,0.86,1.24,4.88,0.07,0.8,0.59,0,3.65,289,2021,"SFM",40.61825,-105.525583,"Mainstem","South Fork","CLP Mainstem-Canyon","Partially Burned",NA,NA,53.476,"SPRING","22 - SFM",23,"23"
"77","Poudre Above Joe Wright",2021-05-03,3,3,NA,6.62,0.53,7.07,269.79,56.5,1.85,0.01,0.87,1.01,4.32,0.07,1.83,0.62,0,13.13,325,2021,"PJW",40.634567,-105.807017,"Mainstem","Mainstem","CLP Mainstem-Canyon","Partially Burned",NA,NA,80.916,"SPRING","19 - PJW",20,"20"
"78","JWC-Joe Wright @ Aspen Glen Campground",2021-05-03,NA,NA,NA,5.85,0.8,7.28,501.23,80.42,1.49,0.02,0.94,1.42,7.23,0.07,4.73,0.16,0,14.47,324,2021,"JWC",40.62055,-105.8183,"Mainstem","Mainstem","CLP Mainstem-Canyon","Partially Burned",NA,NA,80.916,"SPRING","18 - JWC",19,"19"
"79","Poudre Below Rustic",2021-05-03,NA,NA,NA,6.4,0.51,7.3,475.88,73.28,2.4,0.01,0.88,1.74,6.2,0.08,2.45,0.48,0,14.19,327,2021,"PBR",40.700221,-105.544028,"Mainstem","Mainstem","CLP Mainstem-Canyon","Partially Burned",NA,NA,47.262,"SPRING","21 - PBR",22,"22"
"80","Poudre Above North Fork",2021-05-03,NA,NA,NA,7.51,0.48,7.41,568.64,95.41,3.22,0.01,0.95,1.93,10.29,0.17,5.02,0.58,0,12.1,332,2021,"PNF",40.702459,-105.241588,"Mainstem","Mainstem","CLP Mainstem-Canyon","Partially Burned",NA,NA,7.471,"SPRING","24 - PNF",25,"25"
"81","Poudre Below S. Fork",2021-05-03,NA,NA,NA,7,0.45,7.35,514.77,72.28,2.54,0.02,0.87,1.69,6.09,0.11,2.26,0.5,0,12.9,329,2021,"PSF",40.694953,-105.448748,"Mainstem","Mainstem","CLP Mainstem-Canyon","Partially Burned",NA,NA,33.951,"SPRING","23 - PSF",24,"24"
"82","Poudre South Fork",2021-05-03,NA,NA,NA,7.41,0.5,7.17,386.67,61.05,1.8,0.01,0.74,1.29,5.01,0.14,1.94,0.45,0,11.58,328,2021,"SFM",40.61825,-105.525583,"Mainstem","South Fork","CLP Mainstem-Canyon","Partially Burned",NA,NA,53.476,"SPRING","22 - SFM",23,"23"
"83","Poudre Above Joe Wright",2021-05-10,2.4,2,NA,5.99,0.46,7.27,259.18,53.96,1.44,0.03,0.74,1.04,4.77,0.07,1.38,0.69,0.05,11.89,349,2021,"PJW",40.634567,-105.807017,"Mainstem","Mainstem","CLP Mainstem-Canyon","Partially Burned",NA,NA,80.916,"SPRING","19 - PJW",20,"20"
"84","JWC-Joe Wright @ Aspen Glen Campground",2021-05-10,NA,NA,NA,5.98,0.46,7.59,520.87,90.36,1.33,0.02,1.09,1.56,9.9,0.06,4.68,0.07,0.04,13.79,348,2021,"JWC",40.62055,-105.8183,"Mainstem","Mainstem","CLP Mainstem-Canyon","Partially Burned",NA,NA,80.916,"SPRING","18 - JWC",19,"19"
"85","Poudre Below Rustic",2021-05-10,NA,NA,NA,5.82,0.38,7.55,480.16,74.17,2.32,0.02,0.84,1.55,6.18,0.07,3.01,0.48,0.06,13.8,352,2021,"PBR",40.700221,-105.544028,"Mainstem","Mainstem","CLP Mainstem-Canyon","Partially Burned",NA,NA,47.262,"SPRING","21 - PBR",22,"22"
"86","Poudre Above North Fork",2021-05-10,NA,NA,NA,6.43,0.43,7.46,639.51,87.2,1.98,0.01,0.9,1.76,7.09,0.16,4.54,0.57,0.05,12.23,356,2021,"PNF",40.702459,-105.241588,"Mainstem","Mainstem","CLP Mainstem-Canyon","Partially Burned",NA,NA,7.471,"SPRING","24 - PNF",25,"25"
"87","Poudre Below S. Fork",2021-05-10,NA,NA,NA,5.68,0.39,7.29,484.91,70.93,1.99,0.02,0.83,1.58,6.22,0.1,2.01,0.47,0.07,12.95,354,2021,"PSF",40.694953,-105.448748,"Mainstem","Mainstem","CLP Mainstem-Canyon","Partially Burned",NA,NA,33.951,"SPRING","23 - PSF",24,"24"
"88","Poudre South Fork",2021-05-10,NA,NA,NA,6.58,0.53,8.04,483.69,59.35,1.76,0.02,0.68,1.31,5.08,0.13,1.46,0.41,0.07,10.98,353,2021,"SFM",40.61825,-105.525583,"Mainstem","South Fork","CLP Mainstem-Canyon","Partially Burned",NA,NA,53.476,"SPRING","22 - SFM",23,"23"
"89","Poudre above Joe Wright",2021-05-17,2.5,8.91,NA,5.97,0.43,7.13,204.82,47.86,1.15,0.03,0.82,1.14,4.83,0.05,1.16,0.71,0.03,10.62,385,2021,"PJW",40.634567,-105.807017,"Mainstem","Mainstem","CLP Mainstem-Canyon","Partially Burned",NA,NA,80.916,"SPRING","19 - PJW",20,"20"
"90","JWC-Joe Wright @ Aspen Glen Campground",2021-05-17,NA,NA,NA,7.79,0.3,7.46,462.82,88.69,2.37,0.01,1.02,1.64,7.61,0.05,4.42,0.04,0.03,19.48,384,2021,"JWC",40.62055,-105.8183,"Mainstem","Mainstem","CLP Mainstem-Canyon","Partially Burned",NA,NA,80.916,"SPRING","18 - JWC",19,"19"
"91","Poudre Below Rustic",2021-05-17,NA,NA,NA,5.74,0.41,7.31,379.75,65.89,1.93,0.03,0.98,1.54,6.12,0.06,1.93,0.3,0.03,11.79,388,2021,"PBR",40.700221,-105.544028,"Mainstem","Mainstem","CLP Mainstem-Canyon","Partially Burned",NA,NA,47.262,"SPRING","21 - PBR",22,"22"
"92","Poudre Above North Fork",2021-05-17,NA,NA,NA,6.34,0.39,7.48,489.53,73.92,2.21,0.02,0.98,1.74,6.96,0.12,2.92,0.39,0,11.07,392,2021,"PNF",40.702459,-105.241588,"Mainstem","Mainstem","CLP Mainstem-Canyon","Partially Burned",NA,NA,7.471,"SPRING","24 - PNF",25,"25"
"93","Poudre Below S. Fork",2021-05-17,NA,NA,NA,6.21,0.37,7.36,383.2,65.93,1.85,0.02,0.97,1.59,6.18,0.08,1.98,0.28,0,11.25,390,2021,"PSF",40.694953,-105.448748,"Mainstem","Mainstem","CLP Mainstem-Canyon","Partially Burned",NA,NA,33.951,"SPRING","23 - PSF",24,"24"
"94","Poudre South Fork",2021-05-17,NA,NA,NA,7.17,0.44,7.21,290.74,51.9,1.7,0.02,0.82,1.32,4.99,0.11,1.12,0.36,0.03,9.33,389,2021,"SFM",40.61825,-105.525583,"Mainstem","South Fork","CLP Mainstem-Canyon","Partially Burned",NA,NA,53.476,"SPRING","22 - SFM",23,"23"
"95","Poudre Above Joe Wright",2021-05-24,1.5,4.1,NA,7.71,0.5,6.89,215.62,40.11,1.33,0.06,0.88,1.02,4.49,0.06,0.69,0.79,0,6.43,398,2021,"PJW",40.634567,-105.807017,"Mainstem","Mainstem","CLP Mainstem-Canyon","Partially Burned",NA,NA,80.916,"SPRING","19 - PJW",20,"20"
"96","Poudre Below Rustic",2021-05-24,NA,NA,NA,5.98,0.4,7.07,319.19,59.85,2.07,0.08,1.06,1.51,6.39,0.06,1.39,0.49,0,8.12,400,2021,"PBR",40.700221,-105.544028,"Mainstem","Mainstem","CLP Mainstem-Canyon","Partially Burned",NA,NA,47.262,"SPRING","21 - PBR",22,"22"
"97","Poudre Above North Fork",2021-05-24,NA,NA,NA,7.22,0.47,7.91,517.13,72.27,2.69,0.03,1.03,1.75,7.3,0.08,1.94,0.49,0,8.14,404,2021,"PNF",40.702459,-105.241588,"Mainstem","Mainstem","CLP Mainstem-Canyon","Partially Burned",NA,NA,7.471,"SPRING","24 - PNF",25,"25"
"98","Poudre Below S. Fork",2021-05-24,NA,NA,NA,6.45,0.42,7.09,330.56,56.35,2.22,0.06,1.02,1.56,6.49,0.06,1.1,0.47,0,8.02,402,2021,"PSF",40.694953,-105.448748,"Mainstem","Mainstem","CLP Mainstem-Canyon","Partially Burned",NA,NA,33.951,"SPRING","23 - PSF",24,"24"
"99","Poudre South Fork",2021-05-24,NA,NA,NA,8.34,0.42,7.02,263.62,44.81,2.05,0.04,0.85,1.23,4.89,0.09,0.74,0.43,0,6.67,401,2021,"SFM",40.61825,-105.525583,"Mainstem","South Fork","CLP Mainstem-Canyon","Partially Burned",NA,NA,53.476,"SPRING","22 - SFM",23,"23"
"100","Poudre above Joe Wright",2021-06-01,2.4,0,NA,7.99,0.47,7.05,135.12,27.16,1.19,0.02,0.66,0.78,3.58,0.05,0.53,0.51,0,4.18,429,2021,"PJW",40.634567,-105.807017,"Mainstem","Mainstem","CLP Mainstem-Canyon","Partially Burned",NA,NA,80.916,"SPRING","19 - PJW",20,"20"
"101","JWC-Joe Wright @ Aspen Glen Campground",2021-06-01,NA,NA,NA,5.26,0.41,7.29,474.41,62.97,1.85,0.04,1.03,1.44,7.12,0.04,1.07,0.21,0,7.23,428,2021,"JWC",40.62055,-105.8183,"Mainstem","Mainstem","CLP Mainstem-Canyon","Partially Burned",NA,NA,80.916,"SPRING","18 - JWC",19,"19"
"102","Poudre Below Rustic",2021-06-01,NA,NA,NA,6.4,0.41,7.11,290.44,46.04,1.76,0.03,0.81,1.18,4.96,0.05,1.38,0.23,0,5.47,431,2021,"PBR",40.700221,-105.544028,"Mainstem","Mainstem","CLP Mainstem-Canyon","Partially Burned",NA,NA,47.262,"SPRING","21 - PBR",22,"22"
"103","Poudre Above North Fork",2021-06-01,NA,NA,NA,6.26,0.38,7.19,435.65,57.47,2.4,0.03,0.82,1.45,6,0.08,1.54,0.24,0,5.72,436,2021,"PNF",40.702459,-105.241588,"Mainstem","Mainstem","CLP Mainstem-Canyon","Partially Burned",NA,NA,7.471,"SPRING","24 - PNF",25,"25"
"104","Poudre Below S. Fork",2021-06-01,NA,NA,NA,6.14,0.38,7.17,319.6,46.87,1.99,0.02,0.82,1.28,5.22,0.06,1.44,0.21,0,5.67,434,2021,"PSF",40.694953,-105.448748,"Mainstem","Mainstem","CLP Mainstem-Canyon","Partially Burned",NA,NA,33.951,"SPRING","23 - PSF",24,"24"
"105","Poudre South Fork",2021-06-01,NA,NA,NA,6.87,0.42,7,225.56,37.69,1.9,0.01,0.65,0.96,3.9,0.09,0.9,0.26,0,4.78,433,2021,"SFM",40.61825,-105.525583,"Mainstem","South Fork","CLP Mainstem-Canyon","Partially Burned",NA,NA,53.476,"SPRING","22 - SFM",23,"23"
"106","Poudre Above Joe Wright",2021-06-07,4.75,NA,NA,7.14,0.59,6.67,138.15,26.6,1.07,0.03,0.51,0.59,3.36,0.08,0.38,0.59,0,3,457,2021,"PJW",40.634567,-105.807017,"Mainstem","Mainstem","CLP Mainstem-Canyon","Partially Burned",NA,NA,80.916,"SPRING","19 - PJW",20,"20"
"107","JWC-Joe Wright @ Aspen Glen Campground",2021-06-07,NA,NA,NA,4.05,0.52,6.93,374.62,54.05,1.61,0.05,0.92,1.26,6.3,0.04,0.9,0.26,0,6.03,456,2021,"JWC",40.62055,-105.8183,"Mainstem","Mainstem","CLP Mainstem-Canyon","Partially Burned",NA,NA,80.916,"SPRING","18 - JWC",19,"19"
"108","Poudre Below Rustic",2021-06-07,NA,NA,NA,5.69,0.48,6.85,224.31,36.4,1.51,0.03,0.66,0.92,3.99,0.06,0.69,0.34,0,4.1,459,2021,"PBR",40.700221,-105.544028,"Mainstem","Mainstem","CLP Mainstem-Canyon","Partially Burned",NA,NA,47.262,"SPRING","21 - PBR",22,"22"
"109","Poudre Above North Fork",2021-06-07,NA,NA,NA,6.5,0.56,6.84,283.3,43.52,1.92,0.03,0.7,1.08,4.58,0.08,1.13,0.39,0,4.18,463,2021,"PNF",40.702459,-105.241588,"Mainstem","Mainstem","CLP Mainstem-Canyon","Partially Burned",NA,NA,7.471,"SPRING","24 - PNF",25,"25"
"110","Poudre Below S. Fork",2021-06-07,NA,NA,NA,6.53,0.62,6.83,239.44,39.37,1.62,0.03,0.68,0.93,4.04,0.07,0.75,0.33,0,4.05,461,2021,"PSF",40.694953,-105.448748,"Mainstem","Mainstem","CLP Mainstem-Canyon","Partially Burned",NA,NA,33.951,"SPRING","23 - PSF",24,"24"
"111","Poudre South Fork",2021-06-07,NA,NA,NA,7.5,0.48,6.69,156.73,25.64,1.31,0.03,0.49,0.59,2.55,0.09,0.46,0.34,0,2.8,460,2021,"SFM",40.61825,-105.525583,"Mainstem","South Fork","CLP Mainstem-Canyon","Partially Burned",NA,NA,53.476,"SPRING","22 - SFM",23,"23"
"112","Poudre Above Joe Wright",2021-06-21,2.1,2.9,NA,4.52,0.4,6.67,188,29.52,1.08,0.02,0.47,0.72,3.91,0.07,0.23,0.53,0,3.03,522,2021,"PJW",40.634567,-105.807017,"Mainstem","Mainstem","CLP Mainstem-Canyon","Partially Burned",NA,NA,80.916,"SUMMER","19 - PJW",20,"20"
"113","JWC-Joe Wright @ Aspen Glen Campground",2021-06-21,NA,NA,NA,3.87,0.33,6.86,318.68,45.13,1.41,0.04,0.84,1.12,5.9,0.05,0.73,0.14,0,4.57,521,2021,"JWC",40.62055,-105.8183,"Mainstem","Mainstem","CLP Mainstem-Canyon","Partially Burned",NA,NA,80.916,"SUMMER","18 - JWC",19,"19"
"114","Poudre Below Rustic",2021-06-21,NA,NA,NA,3.92,0.34,6.82,267.52,38.75,1.48,0.03,0.64,1.01,4.99,0.09,0.53,0.23,0,3.49,524,2021,"PBR",40.700221,-105.544028,"Mainstem","Mainstem","CLP Mainstem-Canyon","Partially Burned",NA,NA,47.262,"SUMMER","21 - PBR",22,"22"
"115","Poudre Above North Fork",2021-06-21,NA,NA,NA,4.13,0.36,6.86,301.74,45.19,1.88,0.05,0.64,1.13,5.33,0.14,0.92,0.2,0,3.47,528,2021,"PNF",40.702459,-105.241588,"Mainstem","Mainstem","CLP Mainstem-Canyon","Partially Burned",NA,NA,7.471,"SUMMER","24 - PNF",25,"25"
"116","Poudre Below S. Fork",2021-06-21,NA,NA,NA,4.44,0.56,6.77,272.07,36.56,1.5,0.04,0.58,0.95,4.56,0.1,0.53,0.19,0,3.17,526,2021,"PSF",40.694953,-105.448748,"Mainstem","Mainstem","CLP Mainstem-Canyon","Partially Burned",NA,NA,33.951,"SUMMER","23 - PSF",24,"24"
"117","Poudre South Fork",2021-06-21,NA,NA,NA,4.19,0.33,6.54,145.61,22.47,1.33,0.03,0.35,0.56,2.59,0.16,0.29,0.21,0,1.7,525,2021,"SFM",40.61825,-105.525583,"Mainstem","South Fork","CLP Mainstem-Canyon","Partially Burned",NA,NA,53.476,"SUMMER","22 - SFM",23,"23"
"118","Poudre Below Rustic",2021-07-01,NA,NA,NA,4.34,1.71,7.07,290.33,40.14,1.53,0.02,0.61,1.06,5.17,0.05,0.54,0.12,0,3.52,594,2021,"PBR",40.700221,-105.544028,"Mainstem","Mainstem","CLP Mainstem-Canyon","Partially Burned",NA,NA,47.262,"SUMMER","21 - PBR",22,"22"
"119","Poudre Below S. Fork",2021-07-01,NA,NA,NA,7.6,2.3,7.65,902.21,83.88,1.42,0.16,1.67,1.53,11.89,0.06,0.59,0.65,0.34,3.97,595,2021,"PSF",40.694953,-105.448748,"Mainstem","Mainstem","CLP Mainstem-Canyon","Partially Burned",NA,NA,33.951,"SUMMER","23 - PSF",24,"24"
"120","Poudre South Fork",2021-07-01,NA,NA,NA,9.63,2.49,7.11,715.76,79.71,1.54,0.08,1.92,1.59,10.26,0.08,0.57,1,0.3,3.76,590,2021,"SFM",40.61825,-105.525583,"Mainstem","South Fork","CLP Mainstem-Canyon","Partially Burned",NA,NA,53.476,"SUMMER","22 - SFM",23,"23"
"121","Poudre South Fork",2021-07-01,NA,NA,NA,8.46,1.41,6.94,671.56,71.12,1.66,0.08,1.83,1.45,10.51,0.08,0.52,0.76,0.14,3.77,596,2021,"SFM",40.61825,-105.525583,"Mainstem","South Fork","CLP Mainstem-Canyon","Partially Burned",NA,NA,53.476,"SUMMER","22 - SFM",23,"23"
"122","Poudre Below Rustic",2021-07-02,NA,NA,NA,3.5,0.94,7.14,355.45,45.65,1.59,0.04,0.65,1.1,5.6,0.06,0.56,0.13,0,3.74,605,2021,"PBR",40.700221,-105.544028,"Mainstem","Mainstem","CLP Mainstem-Canyon","Partially Burned",NA,NA,47.262,"SUMMER","21 - PBR",22,"22"
"123","Poudre Above North Fork",2021-07-02,NA,NA,NA,4.19,0.97,7.06,338.48,35.19,2.27,0.04,0.39,1.08,3.27,0.15,0.91,0.32,0,1.78,606,2021,"PNF",40.702459,-105.241588,"Mainstem","Mainstem","CLP Mainstem-Canyon","Partially Burned",NA,NA,7.471,"SUMMER","24 - PNF",25,"25"
"124","Poudre South Fork",2021-07-02,NA,NA,NA,4.74,0.99,7.16,481.75,47.16,1.7,0.06,0.59,0.81,6.28,0.07,0.33,0.34,0,2.2,601,2021,"SFM",40.61825,-105.525583,"Mainstem","South Fork","CLP Mainstem-Canyon","Partially Burned",NA,NA,53.476,"SUMMER","22 - SFM",23,"23"
"125","Poudre Below Rustic",2021-07-21,NA,NA,NA,14.77,0.92,7.21,778.07,107.89,1.87,0.12,2.24,2.34,16.25,0.1,0.92,1.22,0.41,5.18,668,2021,"PBR",40.700221,-105.544028,"Mainstem","Mainstem","CLP Mainstem-Canyon","Partially Burned",NA,NA,47.262,"SUMMER","21 - PBR",22,"22"
"126","Poudre Below Rustic",2021-07-21,NA,NA,NA,12.66,0.66,7.18,525.9,53.99,1.82,0.03,0.66,1.38,5.17,0.06,0.52,0.16,0,4.81,671,2021,"PBR",40.700221,-105.544028,"Mainstem","Mainstem","CLP Mainstem-Canyon","Partially Burned",NA,NA,47.262,"SUMMER","21 - PBR",22,"22"
"127","Poudre Below S. Fork",2021-07-21,NA,NA,NA,20.77,0.95,7.38,452.1,52.6,1.82,0.03,0.95,1.1,6.81,0.06,0.52,0.17,0,3.37,667,2021,"PSF",40.694953,-105.448748,"Mainstem","Mainstem","CLP Mainstem-Canyon","Partially Burned",NA,NA,33.951,"SUMMER","23 - PSF",24,"24"
"128","Poudre Below S. Fork",2021-07-21,NA,NA,NA,14.99,0.79,7.24,656.29,68.4,1.89,0.13,1.49,1.56,8.76,0.08,0.8,0.87,0.23,4.74,672,2021,"PSF",40.694953,-105.448748,"Mainstem","Mainstem","CLP Mainstem-Canyon","Partially Burned",NA,NA,33.951,"SUMMER","23 - PSF",24,"24"
"129","Poudre Above Joe Wright",2021-07-26,3.5,8,NA,6.52,0.53,6.97,234.4,46.54,1.38,0.05,0.56,1.18,6.68,0.06,0.41,0.6,0,6.34,681,2021,"PJW",40.634567,-105.807017,"Mainstem","Mainstem","CLP Mainstem-Canyon","Partially Burned",NA,NA,80.916,"SUMMER","19 - PJW",20,"20"
"130","JWC-Joe Wright @ Aspen Glen Campground",2021-07-26,NA,NA,NA,6.54,0.42,7.07,356.61,43.72,1.49,0.06,0.63,1.06,5.1,0.04,0.53,0.12,0,3.44,680,2021,"JWC",40.62055,-105.8183,"Mainstem","Mainstem","CLP Mainstem-Canyon","Partially Burned",NA,NA,80.916,"SUMMER","18 - JWC",19,"19"
"131","Poudre Below Rustic",2021-07-26,NA,NA,NA,7.74,0.48,7.18,393.74,51.66,1.82,0.05,0.74,1.38,6.29,0.11,0.65,0.41,0,4.94,683,2021,"PBR",40.700221,-105.544028,"Mainstem","Mainstem","CLP Mainstem-Canyon","Partially Burned",NA,NA,47.262,"SUMMER","21 - PBR",22,"22"
"132","Poudre Above North Fork",2021-07-26,NA,NA,NA,9.05,0.53,7.19,479.02,61.84,2.4,0.03,0.84,1.64,4.4,0.13,1.3,0.37,0,4.87,688,2021,"PNF",40.702459,-105.241588,"Mainstem","Mainstem","CLP Mainstem-Canyon","Partially Burned",NA,NA,7.471,"SUMMER","24 - PNF",25,"25"
"133","Poudre Below S. Fork",2021-07-26,NA,NA,NA,7.82,0.44,7.18,425.63,59.89,2.03,0.04,0.74,1.43,6.29,0.08,0.75,0.4,0,4.72,686,2021,"PSF",40.694953,-105.448748,"Mainstem","Mainstem","CLP Mainstem-Canyon","Partially Burned",NA,NA,33.951,"SUMMER","23 - PSF",24,"24"
"134","Poudre South Fork",2021-07-26,NA,NA,NA,6.23,0.36,7.06,277.2,35.51,2.09,0.02,0.42,0.98,3.94,0.06,0.37,0.21,0,2.3,684,2021,"SFM",40.61825,-105.525583,"Mainstem","South Fork","CLP Mainstem-Canyon","Partially Burned",NA,NA,53.476,"SUMMER","22 - SFM",23,"23"
"135","JWC-Joe Wright @ Aspen Glen Campground",2021-08-04,NA,NA,NA,7.25,0.25,7.03,343.61,46.63,1.62,0.07,0.74,1.11,5.56,0.05,0.66,0.56,0,3.54,807,2021,"JWC",40.62055,-105.8183,"Mainstem","Mainstem","CLP Mainstem-Canyon","Partially Burned",NA,NA,80.916,"SUMMER","18 - JWC",19,"19"
"136","Poudre Below Rustic",2021-08-04,NA,NA,NA,11.96,0.59,7.08,352.45,46.69,1.7,0.03,0.88,1.21,5.8,0.04,0.72,0.95,0,3.89,782,2021,"PBR",40.700221,-105.544028,"Mainstem","Mainstem","CLP Mainstem-Canyon","Partially Burned",NA,NA,47.262,"SUMMER","21 - PBR",22,"22"
"137","Poudre Below S. Fork",2021-08-04,NA,NA,NA,11.41,0.52,7.17,452.62,57.34,1.72,0.01,1.1,1.2,5.83,0.09,0.73,0.77,0,4.06,774,2021,"PSF",40.694953,-105.448748,"Mainstem","Mainstem","CLP Mainstem-Canyon","Partially Burned",NA,NA,33.951,"SUMMER","23 - PSF",24,"24"
"138","Poudre South Fork",2021-08-04,NA,NA,NA,11.13,0.58,7.05,318.47,37.89,1.89,0.04,0.59,0.93,4.11,0.04,0.42,0.37,0,2.33,779,2021,"SFM",40.61825,-105.525583,"Mainstem","South Fork","CLP Mainstem-Canyon","Partially Burned",NA,NA,53.476,"SUMMER","22 - SFM",23,"23"
"139","Poudre Above Joe Wright",2021-08-23,4,0.54,NA,6.2,0.3,6.94,272.95,40.79,1.37,0.05,0.63,0.96,4.92,0.07,0.36,0.7,0,5,935,2021,"PJW",40.634567,-105.807017,"Mainstem","Mainstem","CLP Mainstem-Canyon","Partially Burned",NA,NA,80.916,"SUMMER","19 - PJW",20,"20"
"140","JWC-Joe Wright @ Aspen Glen Campground",2021-08-23,NA,NA,NA,6.99,0.2,7,371.61,45.08,1.81,0.07,0.73,1.05,5.53,0.04,0.65,0.36,0,2.18,933,2021,"JWC",40.62055,-105.8183,"Mainstem","Mainstem","CLP Mainstem-Canyon","Partially Burned",NA,NA,80.916,"SUMMER","18 - JWC",19,"19"
"141","Poudre Below Rustic",2021-08-23,NA,NA,NA,7.17,0.25,7.08,416.18,52.37,2.1,0.05,0.81,1.23,6.24,0.04,0.79,0.36,0,3.97,937,2021,"PBR",40.700221,-105.544028,"Mainstem","Mainstem","CLP Mainstem-Canyon","Partially Burned",NA,NA,47.262,"SUMMER","21 - PBR",22,"22"
"142","Poudre Above North Fork",2021-08-23,NA,NA,NA,7.81,0.5,7.2,433.66,55.53,2.39,0.03,0.92,1.61,6.32,0.12,1.01,0.23,0,4.69,941,2021,"PNF",40.702459,-105.241588,"Mainstem","Mainstem","CLP Mainstem-Canyon","Partially Burned",NA,NA,7.471,"SUMMER","24 - PNF",25,"25"
"143","Poudre Below S. Fork",2021-08-23,NA,NA,NA,7.3,0.22,7.07,290.51,41.21,2.86,0.13,0.93,0.85,3.59,0.08,1.5,0.26,0,3.7,939,2021,"PSF",40.694953,-105.448748,"Mainstem","Mainstem","CLP Mainstem-Canyon","Partially Burned",NA,NA,33.951,"SUMMER","23 - PSF",24,"24"
"144","Poudre South Fork",2021-08-23,NA,NA,NA,7.09,0.24,6.99,334.67,38.55,2.34,0.05,0.65,0.93,3.96,0.04,0.49,0.3,0,1.61,938,2021,"SFM",40.61825,-105.525583,"Mainstem","South Fork","CLP Mainstem-Canyon","Partially Burned",NA,NA,53.476,"SUMMER","22 - SFM",23,"23"
"145","Poudre Above Joe Wright",2021-10-08,2.6,2.92,NA,4.99,0.3,7.16,341.42,43.78,1.38,0.04,0.58,0.91,4.45,0.06,0.4,0.63,0,4.93,1193,2021,"PJW",40.634567,-105.807017,"Mainstem","Mainstem","CLP Mainstem-Canyon","Partially Burned",NA,NA,80.916,"FALL","19 - PJW",20,"20"
"146","JWC-Joe Wright @ Aspen Glen Campground",2021-10-08,NA,NA,NA,5.22,0.21,7.28,458.66,47.75,1.85,0.06,0.75,1.03,5.44,0.04,0.64,0.27,0,2,1192,2021,"JWC",40.62055,-105.8183,"Mainstem","Mainstem","CLP Mainstem-Canyon","Partially Burned",NA,NA,80.916,"FALL","18 - JWC",19,"19"
"147","Poudre Below Rustic",2021-10-08,NA,NA,NA,6.01,0.28,7.54,547.39,56.18,2.05,0.03,0.82,1.08,5.8,0.04,0.81,0.34,0,4,1195,2021,"PBR",40.700221,-105.544028,"Mainstem","Mainstem","CLP Mainstem-Canyon","Partially Burned",NA,NA,47.262,"FALL","21 - PBR",22,"22"
"148","Poudre Above North Fork",2021-10-08,NA,NA,NA,3.51,0.52,7.61,514.88,57.4,2.44,0.03,0.84,1.52,4.55,0.11,1.21,0.22,0,4.56,1199,2021,"PNF",40.702459,-105.241588,"Mainstem","Mainstem","CLP Mainstem-Canyon","Partially Burned",NA,NA,7.471,"FALL","24 - PNF",25,"25"
"149","Poudre Below S. Fork",2021-10-08,NA,NA,NA,6.34,0.21,7.58,360.67,43.05,2.31,0.03,0.93,0.89,3.67,0.07,1.41,0.35,0,3.9,1197,2021,"PSF",40.694953,-105.448748,"Mainstem","Mainstem","CLP Mainstem-Canyon","Partially Burned",NA,NA,33.951,"FALL","23 - PSF",24,"24"
"150","Poudre South Fork",2021-10-08,NA,NA,NA,6.51,0.29,7.26,454.81,43.97,2.21,0.04,0.61,0.9,3.8,0.04,0.51,0.3,0,1.73,1196,2021,"SFM",40.61825,-105.525583,"Mainstem","South Fork","CLP Mainstem-Canyon","Partially Burned",NA,NA,53.476,"FALL","22 - SFM",23,"23"
"151","Poudre Above Joe Wright",2021-11-05,NA,2.89,NA,2.82,0.47,7.45,273.76,35.64,2.1,0.02,0.64,0.61,2.6,0.05,0.83,1.24,0,3.69,1242,2021,"PJW",40.634567,-105.807017,"Mainstem","Mainstem","CLP Mainstem-Canyon","Partially Burned",NA,NA,80.916,"FALL","19 - PJW",20,"20"
"152","JWC-Joe Wright @ Aspen Glen Campground",2021-11-05,NA,NA,NA,3.76,0.2,7.25,467.04,47.29,1.94,0.05,0.9,0.74,3.69,0.07,1.04,0.15,0,4.25,1241,2021,"JWC",40.62055,-105.8183,"Mainstem","Mainstem","CLP Mainstem-Canyon","Partially Burned",NA,NA,80.916,"FALL","18 - JWC",19,"19"
"153","Poudre Below Rustic",2021-11-05,NA,NA,NA,4.06,0.25,7.35,396.57,53.84,3.7,0.03,1.04,1.16,4.25,0.05,1.69,0.35,0,4.75,1246,2021,"PBR",40.700221,-105.544028,"Mainstem","Mainstem","CLP Mainstem-Canyon","Partially Burned",NA,NA,47.262,"FALL","21 - PBR",22,"22"
"154","Poudre Above North Fork",2021-11-05,NA,NA,NA,4.51,0.18,7.6,563.48,61.47,2.46,0.01,1.09,1.84,4.46,0.16,1.08,0.07,0,5.53,1249,2021,"PNF",40.702459,-105.241588,"Mainstem","Mainstem","CLP Mainstem-Canyon","Partially Burned",NA,NA,7.471,"FALL","24 - PNF",25,"25"
"155","Poudre Below S. Fork",2021-11-05,NA,NA,NA,3.9,0.2,7.51,381.79,51.52,3.76,0.02,0.95,1.11,4.14,0.09,1.63,0.23,0,4.59,1245,2021,"PSF",40.694953,-105.448748,"Mainstem","Mainstem","CLP Mainstem-Canyon","Partially Burned",NA,NA,33.951,"FALL","23 - PSF",24,"24"
"156","Poudre South Fork",2021-11-05,NA,NA,NA,2.81,0.26,7.59,359.06,39.13,3.22,0.01,0.6,0.71,2.6,0.08,0.69,0.52,0,2.95,1247,2021,"SFM",40.61825,-105.525583,"Mainstem","South Fork","CLP Mainstem-Canyon","Partially Burned",NA,NA,53.476,"FALL","22 - SFM",23,"23"
"157","Poudre Above Joe Wright",2021-11-29,NA,NA,NA,2.68,0.52,7.34,284.01,39.08,2.83,0.04,0.67,0.66,2.91,0.08,0.82,1.63,0,3.7,1264,2021,"PJW",40.634567,-105.807017,"Mainstem","Mainstem","CLP Mainstem-Canyon","Partially Burned",NA,NA,80.916,"FALL","19 - PJW",20,"20"
"158","JWC-Joe Wright @ Aspen Glen Campground",2021-11-29,NA,NA,NA,3.84,0.18,6.99,439.46,51.8,2.18,0.03,0.98,0.85,4.34,0.06,1.13,0.03,0,4.4,1263,2021,"JWC",40.62055,-105.8183,"Mainstem","Mainstem","CLP Mainstem-Canyon","Partially Burned",NA,NA,80.916,"FALL","18 - JWC",19,"19"
"159","Poudre Below Rustic",2021-11-29,NA,NA,NA,3.91,0.3,7.3,435.73,60.89,3.76,0.05,1.08,1.24,4.5,0.05,1.73,0.49,0,4.84,1266,2021,"PBR",40.700221,-105.544028,"Mainstem","Mainstem","CLP Mainstem-Canyon","Partially Burned",NA,NA,47.262,"FALL","21 - PBR",22,"22"
"160","Poudre Below S. Fork",2021-11-29,NA,NA,NA,3.98,0.26,7.21,376.08,54.74,4.01,0.03,1.11,1.26,4.65,0.11,1.88,0.36,0,5.07,1268,2021,"PSF",40.694953,-105.448748,"Mainstem","Mainstem","CLP Mainstem-Canyon","Partially Burned",NA,NA,33.951,"FALL","23 - PSF",24,"24"
"161","Poudre South Fork",2021-11-29,NA,NA,NA,2.71,0.29,7.58,360.91,38.94,2.94,0.05,0.61,0.74,2.69,0.08,0.68,0.55,0,2.99,1267,2021,"SFM",40.61825,-105.525583,"Mainstem","South Fork","CLP Mainstem-Canyon","Partially Burned",NA,NA,53.476,"FALL","22 - SFM",23,"23"
"162","Poudre Above North Fork",2021-12-03,NA,NA,NA,2.17,0.15,7.51,390.52,47.56,2.61,0.01,0.93,1.62,4.1,0.07,0.94,0.11,0,1.85,1280,2021,"PNF",40.702459,-105.241588,"Mainstem","Mainstem","CLP Mainstem-Canyon","Partially Burned",NA,NA,7.471,"FALL","24 - PNF",25,"25"
"163","Poudre Above Joe Wright",2021-12-14,NA,0,NA,2.69,0.56,7.38,335.82,41.67,2.48,0.02,0.64,0.65,2.9,0.07,0.81,1.64,0,3.51,1282,2021,"PJW",40.634567,-105.807017,"Mainstem","Mainstem","CLP Mainstem-Canyon","Partially Burned",NA,NA,80.916,"FALL","19 - PJW",20,"20"
"164","JWC-Joe Wright @ Aspen Glen Campground",2021-12-14,NA,NA,NA,3.91,0.25,7.52,482.43,56.7,2.09,0.01,0.91,0.84,4.12,0.06,1.13,0.05,0,4.57,1281,2021,"JWC",40.62055,-105.8183,"Mainstem","Mainstem","CLP Mainstem-Canyon","Partially Burned",NA,NA,80.916,"FALL","18 - JWC",19,"19"
"165","Poudre Below Rustic",2021-12-14,NA,NA,NA,4.34,0.36,7.61,639.28,67.39,3.3,0.02,1.15,1.28,4.83,0.09,1.82,0.56,0,5.23,1284,2021,"PBR",40.700221,-105.544028,"Mainstem","Mainstem","CLP Mainstem-Canyon","Partially Burned",NA,NA,47.262,"FALL","21 - PBR",22,"22"
"166","Poudre Below S. Fork",2021-12-14,NA,NA,NA,4.2,0.31,7.65,599.27,64.76,3.47,0.02,1.09,1.26,4.71,0.09,1.87,0.54,0,5.39,1287,2021,"PSF",40.694953,-105.448748,"Mainstem","Mainstem","CLP Mainstem-Canyon","Partially Burned",NA,NA,33.951,"FALL","23 - PSF",24,"24"
"167","Poudre South Fork",2021-12-14,NA,NA,NA,2.72,0.28,6.73,363.75,38.82,2.87,0.02,0.61,0.74,2.74,0.14,0.71,0.6,0,3.15,1286,2021,"SFM",40.61825,-105.525583,"Mainstem","South Fork","CLP Mainstem-Canyon","Partially Burned",NA,NA,53.476,"FALL","22 - SFM",23,"23"
"168","Poudre South Fork",2022-01-28,NA,5.1,NA,2.88,0.32,6.78,400.84,51.47,3.6,0.04,0.59,1.76,3.2,0.06,0.82,0.84,0,3.21,1299,2022,"SFM",40.61825,-105.525583,"Mainstem","South Fork","CLP Mainstem-Canyon","Partially Burned",NA,NA,53.476,"SPRING","22 - SFM",23,"23"
"169","JWC-Joe Wright @ Aspen Glen Campground",2022-02-03,NA,0.4,NA,4.54,0.3,7.11,513.6,81.14,2.44,0.06,1.08,4.16,9.86,0.06,1.31,0.29,0,5.81,1306,2022,"JWC",40.62055,-105.8183,"Mainstem","Mainstem","CLP Mainstem-Canyon","Partially Burned",NA,NA,80.916,"SPRING","18 - JWC",19,"19"
"170","Poudre Below Rustic",2022-02-03,NA,0.36,NA,4.53,0.39,7.31,662.08,85.17,3.82,0.05,1.21,3.09,8.48,0.07,1.99,0.79,0,5.47,1308,2022,"PBR",40.700221,-105.544028,"Mainstem","Mainstem","CLP Mainstem-Canyon","Partially Burned",NA,NA,47.262,"SPRING","21 - PBR",22,"22"
"171","Poudre Above Joe Wright",2022-02-03,NA,2,NA,3.02,0.6,7.26,349.18,49.62,3.06,0.05,0.71,1.11,6.2,0.05,0.84,1.5,0,3.17,1307,2022,"PJW",40.634567,-105.807017,"Mainstem","Mainstem","CLP Mainstem-Canyon","Partially Burned",NA,NA,80.916,"SPRING","19 - PJW",20,"20"
"172","Poudre Above North Fork",2022-02-03,NA,2.71,NA,5.09,0.34,7.46,785.22,115.26,4.81,0.04,1.15,4.41,14.01,0.06,3.13,0.73,0,6.25,1311,2022,"PNF",40.702459,-105.241588,"Mainstem","Mainstem","CLP Mainstem-Canyon","Partially Burned",NA,NA,7.471,"SPRING","24 - PNF",25,"25"
"173","Poudre Below S. Fork",2022-02-03,NA,18.92,NA,4.18,0.36,7.31,626.5,81.39,3.86,0.05,1.06,3.17,8.14,0.07,1.83,0.8,0,5.15,1309,2022,"PSF",40.694953,-105.448748,"Mainstem","Mainstem","CLP Mainstem-Canyon","Partially Burned",NA,NA,33.951,"SPRING","23 - PSF",24,"24"
"174","JWC-Joe Wright @ Aspen Glen Campground",2022-03-01,NA,0.6,NA,4.67,0.3,7.52,553.39,68.45,2.43,0.04,1.14,1.81,7.1,0.04,1.33,0.23,0,6.19,1318,2022,"JWC",40.62055,-105.8183,"Mainstem","Mainstem","CLP Mainstem-Canyon","Partially Burned",NA,NA,80.916,"SPRING","18 - JWC",19,"19"
"175","Poudre at Bellvue Diversion",2022-03-01,NA,23.4,NA,4.82,0.22,7.77,845,82.83,4.77,0.05,0.98,2.28,8.26,0.11,3.68,0.37,0,5.79,1328,2022,"PBD",40.663976,-105.215337,"Mainstem","Mainstem","CLP Mainstem-Canyon","Partially Burned",NA,NA,0,"SPRING","25 - PBD",26,"26"
"176","Poudre Below Rustic",2022-03-01,NA,6.67,NA,3.99,0.29,7.6,636.48,78.65,3.46,0.05,1.14,2.09,8.83,0.06,1.94,0.61,0,5.18,1324,2022,"PBR",40.700221,-105.544028,"Mainstem","Mainstem","CLP Mainstem-Canyon","Partially Burned",NA,NA,47.262,"SPRING","21 - PBR",22,"22"
"177","Poudre Above Joe Wright",2022-03-01,NA,2.8,NA,2.7,0.53,7.23,392.38,50.81,3.53,0.04,0.78,0.97,4.95,0.02,0.84,1.45,0,3.16,1319,2022,"PJW",40.634567,-105.807017,"Mainstem","Mainstem","CLP Mainstem-Canyon","Partially Burned",NA,NA,80.916,"SPRING","19 - PJW",20,"20"
"178","Poudre Above North Fork",2022-03-01,NA,43.8,NA,4.12,0.17,7.68,658.99,83.52,4.02,0.04,1,2.41,9.26,0.08,2.86,0.27,0,5.35,1327,2022,"PNF",40.702459,-105.241588,"Mainstem","Mainstem","CLP Mainstem-Canyon","Partially Burned",NA,NA,7.471,"SPRING","24 - PNF",25,"25"
"179","Poudre Below S. Fork",2022-03-01,NA,3.2,NA,3.57,0.26,7.48,554.39,69.35,3.62,0.03,1.01,1.75,7.02,0.07,1.82,0.54,0,4.83,1325,2022,"PSF",40.694953,-105.448748,"Mainstem","Mainstem","CLP Mainstem-Canyon","Partially Burned",NA,NA,33.951,"SPRING","23 - PSF",24,"24"
"180","JWC-Joe Wright @ Aspen Glen Campground",2022-03-28,NA,2.37,NA,4.59,0.24,7.46,542.11,75,2.96,0.04,1.21,1.26,9.24,0.03,2.19,0.28,0,7.78,1329,2022,"JWC",40.62055,-105.8183,"Mainstem","Mainstem","CLP Mainstem-Canyon","Partially Burned",NA,NA,80.916,"SPRING","18 - JWC",19,"19"
"181","Poudre at Bellvue Diversion",2022-03-28,NA,31.48,NA,5.16,0.25,7.68,823.26,106.28,5.06,0.06,1.1,2.9,14.51,0.12,4.1,0.24,0,7.23,1339,2022,"PBD",40.663976,-105.215337,"Mainstem","Mainstem","CLP Mainstem-Canyon","Partially Burned",NA,NA,0,"SPRING","25 - PBD",26,"26"
"182","Poudre Below Rustic",2022-03-28,NA,0.91,NA,4.1,0.46,7.44,587.97,76.83,3.72,0.04,1.1,1.92,7.85,0.06,2.12,1.34,0,5.91,1335,2022,"PBR",40.700221,-105.544028,"Mainstem","Mainstem","CLP Mainstem-Canyon","Partially Burned",NA,NA,47.262,"SPRING","21 - PBR",22,"22"
"183","Poudre Above Joe Wright",2022-03-28,NA,3.42,NA,3.03,0.88,7.12,365.37,52.07,2.76,0.05,0.91,0.98,5.28,0.03,1.06,3.51,0,3.98,1330,2022,"PJW",40.634567,-105.807017,"Mainstem","Mainstem","CLP Mainstem-Canyon","Partially Burned",NA,NA,80.916,"SPRING","19 - PJW",20,"20"
"184","Poudre Above North Fork",2022-03-28,NA,31.18,NA,4.11,0.34,7.55,663.68,90.36,3.69,0.04,1.07,2.15,8.68,0.07,2.98,0.78,0,6.01,1338,2022,"PNF",40.702459,-105.241588,"Mainstem","Mainstem","CLP Mainstem-Canyon","Partially Burned",NA,NA,7.471,"SPRING","24 - PNF",25,"25"
"185","Poudre Below S. Fork",2022-03-28,NA,19.18,NA,4.06,0.57,7.53,576.78,81.52,3.84,0.04,1.06,1.82,8.17,0.06,2.03,1.75,0,5.82,1336,2022,"PSF",40.694953,-105.448748,"Mainstem","Mainstem","CLP Mainstem-Canyon","Partially Burned",NA,NA,33.951,"SPRING","23 - PSF",24,"24"
"186","Poudre South Fork",2022-03-31,NA,34.34,NA,3.32,1.01,7.03,450.91,67.17,4.21,0.05,0.94,1.48,5.48,0.09,1.6,3.55,0,5.63,1343,2022,"SFM",40.61825,-105.525583,"Mainstem","South Fork","CLP Mainstem-Canyon","Partially Burned",NA,NA,53.476,"SPRING","22 - SFM",23,"23"
"187","Poudre South Fork",2022-04-19,NA,22.47,NA,3.56,0.76,7.29,455.49,66.46,5.64,0.01,0.84,1.68,5.74,0.12,1.25,2.92,0,5.34,1351,2022,"SFM",40.61825,-105.525583,"Mainstem","South Fork","CLP Mainstem-Canyon","Partially Burned",NA,NA,53.476,"SPRING","22 - SFM",23,"23"
"188","JWC-Joe Wright @ Aspen Glen Campground",2022-04-27,NA,0.54,NA,5.21,0.57,7.73,578.79,77.35,1.59,0.02,1.33,1.99,10.01,0.04,2,1.55,0,6.37,1361,2022,"JWC",40.62055,-105.8183,"Mainstem","Mainstem","CLP Mainstem-Canyon","Partially Burned",NA,NA,80.916,"SPRING","18 - JWC",19,"19"
"189","Poudre at Bellvue Diversion",2022-04-27,NA,42.91,NA,5.09,1.12,7.75,605.86,106,6.67,0.03,1.32,2.26,9.53,0.08,2.71,4.18,0,7.22,1371,2022,"PBD",40.663976,-105.215337,"Mainstem","Mainstem","CLP Mainstem-Canyon","Partially Burned",NA,NA,0,"SPRING","25 - PBD",26,"26"
"190","Poudre Below Rustic",2022-04-27,NA,12.66,NA,4.82,1.28,7.66,536.67,86.45,4.38,0.01,1.35,2.65,8.8,0.05,2,4.86,0,6.88,1367,2022,"PBR",40.700221,-105.544028,"Mainstem","Mainstem","CLP Mainstem-Canyon","Partially Burned",NA,NA,47.262,"SPRING","21 - PBR",22,"22"
"191","Poudre Above Joe Wright",2022-04-27,NA,2.52,NA,4.57,1.39,7.37,328.32,41.66,2.88,0.01,0.85,0.89,3.69,0.03,0.84,0.14,0,3.2,1362,2022,"PJW",40.634567,-105.807017,"Mainstem","Mainstem","CLP Mainstem-Canyon","Partially Burned",NA,NA,80.916,"SPRING","19 - PJW",20,"20"
"192","Poudre Above North Fork",2022-04-27,NA,27.81,NA,4.67,1.16,7.63,537.99,82.52,4.84,0.03,1.03,1.99,8.73,0.07,2.27,4.39,0,7.12,1370,2022,"PNF",40.702459,-105.241588,"Mainstem","Mainstem","CLP Mainstem-Canyon","Partially Burned",NA,NA,7.471,"SPRING","24 - PNF",25,"25"
"193","Poudre Below S. Fork",2022-04-27,NA,17.86,NA,4.92,1.26,7.62,522.14,84,3.85,0.03,1.34,2.66,8.16,0.05,1.93,4.73,0,6.85,1368,2022,"PSF",40.694953,-105.448748,"Mainstem","Mainstem","CLP Mainstem-Canyon","Partially Burned",NA,NA,33.951,"SPRING","23 - PSF",24,"24"
"194","Poudre South Fork",2022-05-13,NA,39.25,NA,4.23,0.86,6.97,512.08,63.87,4.89,0.01,0.88,1.74,5.61,0.08,1.21,1.22,0,5.44,1393,2022,"SFM",40.61825,-105.525583,"Mainstem","South Fork","CLP Mainstem-Canyon","Partially Burned",NA,NA,53.476,"SPRING","22 - SFM",23,"23"
"195","JWC-Joe Wright @ Aspen Glen Campground",2022-05-16,NA,3.73,3.51,4.87,0.81,7.3,531.56,70.14,1.75,0.02,1.44,1.89,8.71,0.05,1.85,0.28,0,6.11,1394,2022,"JWC",40.62055,-105.8183,"Mainstem","Mainstem","CLP Mainstem-Canyon","Partially Burned",NA,NA,80.916,"SPRING","18 - JWC",19,"19"
"196","Poudre Below Rustic",2022-05-16,NA,113.86,1.29,5.09,0.96,7.59,485.8,76.91,3.78,0.02,1.1,2,7.45,0.04,2.12,0.6,0,7.21,1397,2022,"PBR",40.700221,-105.544028,"Mainstem","Mainstem","CLP Mainstem-Canyon","Partially Burned",NA,NA,47.262,"SPRING","21 - PBR",22,"22"
"197","Poudre at Bellvue Diversion",2022-05-16,NA,247.74,2.13,5.21,0.96,7.74,680.28,89.1,6.22,0.02,1.2,2.12,8.99,0.1,2.45,0.28,0,7.1,1400,2022,"PBD",40.663976,-105.215337,"Mainstem","Mainstem","CLP Mainstem-Canyon","Partially Burned",NA,NA,0,"SPRING","25 - PBD",26,"26"
"198","Poudre Above Joe Wright",2022-05-16,NA,14.9,1.02,5.19,1.04,7.28,293.28,39.74,2.78,0.03,0.8,0.7,4,0.06,0.86,0.18,0,3,1395,2022,"PJW",40.634567,-105.807017,"Mainstem","Mainstem","CLP Mainstem-Canyon","Partially Burned",NA,NA,80.916,"SPRING","19 - PJW",20,"20"
"199","Poudre Above North Fork",2022-05-16,NA,260.64,1.43,4.83,1.01,7.64,580.34,78.57,5.02,0.04,0.99,2.11,7.88,0.05,1.99,1.22,0,6.45,1399,2022,"PNF",40.702459,-105.241588,"Mainstem","Mainstem","CLP Mainstem-Canyon","Partially Burned",NA,NA,7.471,"SPRING","24 - PNF",25,"25"
"200","Poudre Below S. Fork",2022-05-16,NA,148.25,1.13,4.98,0.99,7.37,570.77,77.58,3.44,0.03,1.03,2.1,8,0.06,1.88,1.22,0,5.98,1398,2022,"PSF",40.694953,-105.448748,"Mainstem","Mainstem","CLP Mainstem-Canyon","Partially Burned",NA,NA,33.951,"SPRING","23 - PSF",24,"24"
"201","Sleeping Elephant",2022-05-16,NA,21.79,1.18,5.51,0.92,6.95,393.55,52.29,1.67,0.01,0.94,1.56,6.21,0.02,0.83,1.23,0,3.88,1396,2022,"SLEP",40.682439,-105.771986,"Mainstem","Mainstem","CLP Mainstem-Canyon","Partially Burned",NA,NA,73.161,"SPRING","20 - SLEP",21,"21"
"202","JWC-Joe Wright @ Aspen Glen Campground",2022-05-31,NA,5.4,4.38,3.99,0.71,7.29,482.58,59.06,1.91,0.05,1.04,1.78,6.6,0.02,1.33,0.27,0,4,1422,2022,"JWC",40.62055,-105.8183,"Mainstem","Mainstem","CLP Mainstem-Canyon","Partially Burned",NA,NA,80.916,"SPRING","18 - JWC",19,"19"
"203","Poudre at Bellvue Diversion",2022-05-31,NA,95.1,0.82,3.96,0.56,7.47,429.34,59.18,4.03,0.01,0.82,1.9,5.61,0.03,1.17,1.47,0,5.33,1430,2022,"PBD",40.663976,-105.215337,"Mainstem","Mainstem","CLP Mainstem-Canyon","Partially Burned",NA,NA,0,"SPRING","25 - PBD",26,"26"
"204","Poudre Below Rustic",2022-05-31,NA,38.3,0.96,4.06,0.6,7.31,368.45,52.15,1.91,0.01,0.85,2,5.45,0.02,1.89,1.55,0,5.37,1425,2022,"PBR",40.700221,-105.544028,"Mainstem","Mainstem","CLP Mainstem-Canyon","Partially Burned",NA,NA,47.262,"SPRING","21 - PBR",22,"22"
"205","Poudre Above Joe Wright",2022-05-31,NA,3.2,0.64,4.24,0.7,6.92,212.37,31.3,1.25,0.01,0.67,0.71,3.9,0.02,0.46,1.74,0,2.35,1423,2022,"PJW",40.634567,-105.807017,"Mainstem","Mainstem","CLP Mainstem-Canyon","Partially Burned",NA,NA,80.916,"SPRING","19 - PJW",20,"20"
"206","Poudre Above North Fork",2022-05-31,NA,21.31,0.87,3.98,0.56,7.25,474.36,59.57,3.87,0.04,0.82,1.94,5.18,0.03,0.99,1.49,0,3.26,1428,2022,"PNF",40.702459,-105.241588,"Mainstem","Mainstem","CLP Mainstem-Canyon","Partially Burned",NA,NA,7.471,"SPRING","24 - PNF",25,"25"
"207","Poudre Below S. Fork",2022-05-31,NA,24.4,1,3.96,0.57,6.94,397.14,52.14,1.74,0.01,0.8,2,4.91,0.02,0.84,1.42,0,3.11,1426,2022,"PSF",40.694953,-105.448748,"Mainstem","Mainstem","CLP Mainstem-Canyon","Partially Burned",NA,NA,33.951,"SPRING","23 - PSF",24,"24"
"208","Sleeping Elephant",2022-05-31,NA,3.8,2.02,4.13,0.61,7.04,312.24,45.07,1.54,0.01,0.81,1.5,5.13,0.02,0.8,1.51,0,3.02,1424,2022,"SLEP",40.682439,-105.771986,"Mainstem","Mainstem","CLP Mainstem-Canyon","Partially Burned",NA,NA,73.161,"SPRING","20 - SLEP",21,"21"
"209","Poudre Below Rustic",2022-06-07,NA,37.17,NA,4.15,0.62,7.23,292.92,51.47,2.21,0.02,0.8,2,5.05,0.02,1.45,1.02,0,4.34,1461,2022,"PBR",40.700221,-105.544028,"Mainstem","Mainstem","CLP Mainstem-Canyon","Partially Burned",NA,NA,47.262,"SPRING","21 - PBR",22,"22"
"210","Poudre Above Joe Wright",2022-06-07,NA,7.23,NA,4.49,0.67,6.98,212.99,32.2,1.33,0.02,0.7,0.66,3.87,0.02,0.37,0.69,0,2.23,1462,2022,"PJW",40.634567,-105.807017,"Mainstem","Mainstem","CLP Mainstem-Canyon","Partially Burned",NA,NA,80.916,"SPRING","19 - PJW",20,"20"
"211","Poudre Below S. Fork",2022-06-07,NA,77.5,NA,4.04,0.62,7,360.72,49.71,1.78,0.02,0.79,1.89,4.99,0.02,0.81,1.44,0,3.02,1460,2022,"PSF",40.694953,-105.448748,"Mainstem","Mainstem","CLP Mainstem-Canyon","Partially Burned",NA,NA,33.951,"SPRING","23 - PSF",24,"24"
"212","Poudre at Archery Range",2022-06-22,10.3,16.2,0.83,3.59,0.55,7.77,1119.11,261.29,8,0.09,1.23,6.85,32.62,0.17,6.96,1.3,0,46.52,1520,2022,"ARCH",40.5479138,-105.0011275,"Mainstem","Mainstem","CLP  Mainstem-Fort Collins","Partially Burned",NA,NA,NA,"SUMMER",NA,NA,NA
"213","Poudre at ELC",2022-06-22,11.55,15,1.13,3.66,0.46,7.23,880.51,164.56,6.33,0.07,1.02,4.15,18.2,0.04,5.49,1.03,0,23.21,1518,2022,"ELC",40.5519476,-105.0105977,"Mainstem","Mainstem","CLP  Mainstem-Fort Collins","Partially Burned",NA,NA,NA,"SUMMER",NA,NA,NA
"214","JWC-Joe Wright @ Aspen Glen Campground",2022-06-22,2.25,4.2,3.67,3.6,0.57,7.3,300.6,42.95,1.42,0.06,0.79,1.22,6.15,0.02,0.66,0.28,0,2.33,1523,2022,"JWC",40.62055,-105.8183,"Mainstem","Mainstem","CLP Mainstem-Canyon","Partially Burned",NA,NA,80.916,"SUMMER","18 - JWC",19,"19"
"215","Poudre at Legacy Bridge",2022-06-22,9.46,12.8,0.86,3.92,0.38,7.02,421,56.93,1.79,0.02,0.75,1.46,6.89,0.12,0.87,0.65,0,3.83,1513,2022,"LEGC",40.6006194,-105.0860344,"Mainstem","Mainstem","CLP  Mainstem-Fort Collins","Partially Burned",NA,NA,NA,"SUMMER",NA,NA,NA
"216","Poudre at Bellvue Diversion",2022-06-22,7.63,17.6,1.17,4.1,0.43,7.56,401.33,46,1.49,0.05,0.7,1.17,5.53,0.12,0.59,0.66,0,2.33,1512,2022,"PBD",40.663976,-105.215337,"Mainstem","Mainstem","CLP Mainstem-Canyon","Partially Burned",NA,NA,0,"SUMMER","25 - PBD",26,"26"
"217","Poudre Below Rustic",2022-06-22,5.98,7.8,1.17,3.77,0.42,7.28,255.06,39.05,1.4,0.02,0.75,1.15,5.6,0.01,0.47,0.65,0,2.52,1525,2022,"PBR",40.700221,-105.544028,"Mainstem","Mainstem","CLP Mainstem-Canyon","Partially Burned",NA,NA,47.262,"SUMMER","21 - PBR",22,"22"
"218","Poudre Above North Fork",2022-06-22,8.83,17.6,0.94,4.1,0.43,7.21,388.71,44.51,1.57,0.01,0.62,1.24,5.22,0.1,0.5,0.63,0,2.36,1510,2022,"PNF",40.702459,-105.241588,"Mainstem","Mainstem","CLP Mainstem-Canyon","Partially Burned",NA,NA,7.471,"SUMMER","24 - PNF",25,"25"
"219","Poudre at Timberline",2022-06-22,14.2,17.6,1.3,3.59,0.65,7.34,800.34,134.22,7.5,0.06,1,3.3,14.06,0.14,4.34,0.96,0,17.86,1515,2022,"TIMB",40.5754289,-105.0333903,"Mainstem","Mainstem","CLP  Mainstem-Fort Collins","Partially Burned",NA,NA,NA,"SUMMER",NA,NA,NA
"220","Sleeping Elephant",2022-06-27,5.15,2.6,NA,3.68,0.3,7.21,392.36,48.39,1.35,0.09,0.83,1.24,6.72,0.01,0.66,0.62,0,2.34,1537,2022,"SLEP",40.682439,-105.771986,"Mainstem","Mainstem","CLP Mainstem-Canyon","Partially Burned",NA,NA,73.161,"SUMMER","20 - SLEP",21,"21"
"221","Poudre South Fork",2022-06-29,2.94,4.63,0.83,3.38,0.2,7.06,201.16,23.63,1.39,0.03,0.37,0.66,2.7,0.12,0.28,0.36,0,1.06,1557,2022,"SFM",40.61825,-105.525583,"Mainstem","South Fork","CLP Mainstem-Canyon","Partially Burned",NA,NA,53.476,"SUMMER","22 - SFM",23,"23"
"222","Poudre Below Rustic",2022-07-05,3847.3,4350.8,NA,3.66,0.37,7.22,312.97,51.23,1.45,0.02,2.44,2.05,6.42,0.01,0.71,0.48,0.66,3.28,1582,2022,"PBR",40.700221,-105.544028,"Mainstem","Mainstem","CLP Mainstem-Canyon","Partially Burned",NA,NA,47.262,"SUMMER","21 - PBR",22,"22"
"223","JWC-Joe Wright @ Aspen Glen Campground",2022-07-11,1.63,0.8,1.75,3.05,0.42,7.37,347.99,40.99,1.22,0.04,0.74,1.08,5.57,0.02,0.51,0.26,0,1.79,1600,2022,"JWC",40.62055,-105.8183,"Mainstem","Mainstem","CLP Mainstem-Canyon","Partially Burned",NA,NA,80.916,"SUMMER","18 - JWC",19,"19"
"224","Poudre at Bellvue Diversion",2022-07-11,8.1,18.6,1.02,3.18,0.25,7.67,465.99,58.23,2.11,0.04,0.73,1.64,7.5,0.15,1.3,0.35,0,3.05,1598,2022,"PBD",40.663976,-105.215337,"Mainstem","Mainstem","CLP Mainstem-Canyon","Partially Burned",NA,NA,0,"SUMMER","25 - PBD",26,"26"
"225","Poudre Below Rustic",2022-07-11,5.26,13,1.01,2.67,0.2,7.12,252.56,36.51,1.3,0.03,0.63,1.14,5.3,0.01,0.39,0.45,0,2.74,1595,2022,"PBR",40.700221,-105.544028,"Mainstem","Mainstem","CLP Mainstem-Canyon","Partially Burned",NA,NA,47.262,"SUMMER","21 - PBR",22,"22"
"226","Poudre Above Joe Wright",2022-07-11,2.97,2.6,0.62,3.32,0.34,7.02,244.31,37.67,0.99,0.02,0.49,1.07,5.35,0.02,0.26,0.63,0,3.94,1594,2022,"PJW",40.634567,-105.807017,"Mainstem","Mainstem","CLP Mainstem-Canyon","Partially Burned",NA,NA,80.916,"SUMMER","19 - PJW",20,"20"
"227","Poudre Above North Fork",2022-07-11,9.46,23.4,0.89,2.86,0.24,7.35,356.88,41.23,1.41,0.01,0.64,1.15,5.18,0.12,0.48,0.35,0,2.51,1597,2022,"PNF",40.702459,-105.241588,"Mainstem","Mainstem","CLP Mainstem-Canyon","Partially Burned",NA,NA,7.471,"SUMMER","24 - PNF",25,"25"
"228","Poudre Below S. Fork",2022-07-11,7.74,19.2,0.84,2.7,0.24,7.02,354.22,42.12,1.35,0.03,0.64,1.17,5.37,0.01,0.42,0.4,0,2.73,1596,2022,"PSF",40.694953,-105.448748,"Mainstem","Mainstem","CLP Mainstem-Canyon","Partially Burned",NA,NA,33.951,"SUMMER","23 - PSF",24,"24"
"229","Sleeping Elephant",2022-07-11,1.4,3.2,0.87,2.72,0.24,7.34,321.78,39.7,1.08,0.02,0.57,1.05,5.29,0.01,0.28,0.56,0,2.76,1599,2022,"SLEP",40.682439,-105.771986,"Mainstem","Mainstem","CLP Mainstem-Canyon","Partially Burned",NA,NA,73.161,"SUMMER","20 - SLEP",21,"21"
"230","Poudre South Fork",2022-07-18,5.98,0,0.8,2.66,0.32,7,249.89,29.77,1.66,0.01,0.42,0.74,3.78,0.07,0.26,0.15,0,1.05,1628,2022,"SFM",40.61825,-105.525583,"Mainstem","South Fork","CLP Mainstem-Canyon","Partially Burned",NA,NA,53.476,"SUMMER","22 - SFM",23,"23"
"231","JWC-Joe Wright @ Aspen Glen Campground",2022-07-25,0.56,0.57,2.2,3.04,0.35,7.28,396.32,47.07,1.41,0.07,0.75,1.13,6.66,0.02,0.58,0.27,0,2.27,1651,2022,"JWC",40.62055,-105.8183,"Mainstem","Mainstem","CLP Mainstem-Canyon","Partially Burned",NA,NA,80.916,"SUMMER","18 - JWC",19,"19"
"232","Poudre at Bellvue Diversion",2022-07-25,19.82,18.48,0.88,3.12,0.57,7.52,584.71,69.58,2.49,0.01,0.76,1.8,9.06,0.06,1.47,0.25,0,3.46,1658,2022,"PBD",40.663976,-105.215337,"Mainstem","Mainstem","CLP Mainstem-Canyon","Partially Burned",NA,NA,0,"SUMMER","25 - PBD",26,"26"
"233","Poudre Below Rustic",2022-07-25,0.84,3.6,0.84,2.81,0.42,7.21,395.98,48.21,1.6,0.03,0.7,1.32,6.93,0.05,0.48,0.53,0,3.62,1655,2022,"PBR",40.700221,-105.544028,"Mainstem","Mainstem","CLP Mainstem-Canyon","Partially Burned",NA,NA,47.262,"SUMMER","21 - PBR",22,"22"
"234","Poudre Above Joe Wright",2022-07-25,6.7,4.59,0.8,3.4,0.43,7.03,284,42.68,1.18,0.03,0.54,1.03,5.93,0.07,0.21,0.71,0,5.02,1653,2022,"PJW",40.634567,-105.807017,"Mainstem","Mainstem","CLP Mainstem-Canyon","Partially Burned",NA,NA,80.916,"SUMMER","19 - PJW",20,"20"
"235","Poudre Above North Fork",2022-07-25,5.84,6.89,0.89,2.73,0.21,7.15,413.54,52.15,1.79,0.01,0.71,1.34,7.03,0.05,0.59,0.3,0,3.22,1657,2022,"PNF",40.702459,-105.241588,"Mainstem","Mainstem","CLP Mainstem-Canyon","Partially Burned",NA,NA,7.471,"SUMMER","24 - PNF",25,"25"
"236","Poudre Below S. Fork",2022-07-25,3.25,6.98,0.88,2.81,0.65,7.12,397.51,50.77,1.71,0.01,0.69,1.43,6.97,0.04,0.49,0.4,0,2.89,1656,2022,"PSF",40.694953,-105.448748,"Mainstem","Mainstem","CLP Mainstem-Canyon","Partially Burned",NA,NA,33.951,"SUMMER","23 - PSF",24,"24"
"237","Sleeping Elephant",2022-07-25,8.72,8.31,1.34,2.92,0.39,6.93,382.28,47.52,1.34,0.02,0.64,1.14,6.54,0.01,0.33,0.67,0,3.6,1654,2022,"SLEP",40.682439,-105.771986,"Mainstem","Mainstem","CLP Mainstem-Canyon","Partially Burned",NA,NA,73.161,"SUMMER","20 - SLEP",21,"21"
"238","JWC-Joe Wright @ Aspen Glen Campground",2022-08-08,4.88,3,2.64,2.92,0.35,7.44,379.73,43.38,1.25,0.03,0.62,1,6,0.02,0.53,0.18,0,2.19,1695,2022,"JWC",40.62055,-105.8183,"Mainstem","Mainstem","CLP Mainstem-Canyon","Partially Burned",NA,NA,80.916,"SUMMER","18 - JWC",19,"19"
"239","Poudre at Bellvue Diversion",2022-08-08,11,16.3,0.72,3.12,0.43,7.44,539.83,62.76,2.16,0.01,0.86,1.59,7.59,0.16,0.97,0.08,0,3.79,1704,2022,"PBD",40.663976,-105.215337,"Mainstem","Mainstem","CLP Mainstem-Canyon","Partially Burned",NA,NA,0,"SUMMER","25 - PBD",26,"26"
"240","Poudre Below Rustic",2022-08-08,7.21,7.45,0.61,2.83,0.36,7.43,395.35,52.1,1.78,0.02,0.65,1.37,6.8,0.03,0.49,0.54,0,3.78,1699,2022,"PBR",40.700221,-105.544028,"Mainstem","Mainstem","CLP Mainstem-Canyon","Partially Burned",NA,NA,47.262,"SUMMER","21 - PBR",22,"22"
"241","Poudre Above Joe Wright",2022-08-08,6.02,4.8,0.91,2.75,0.35,7.04,336.31,47.04,1.09,0.03,0.45,0.94,6.3,0.04,0.18,0.65,0,5.41,1696,2022,"PJW",40.634567,-105.807017,"Mainstem","Mainstem","CLP Mainstem-Canyon","Partially Burned",NA,NA,80.916,"SUMMER","19 - PJW",20,"20"
"242","Poudre Above North Fork",2022-08-08,8.45,8.2,1.04,3.12,0.14,7.37,470.59,56.02,2.01,0.02,0.88,1.37,7.06,0.04,0.76,0.12,0,4.01,1703,2022,"PNF",40.702459,-105.241588,"Mainstem","Mainstem","CLP Mainstem-Canyon","Partially Burned",NA,NA,7.471,"SUMMER","24 - PNF",25,"25"
"243","Poudre Below S. Fork",2022-08-08,9.71,11.4,0.92,3.61,0.47,7.25,466.69,54.26,1.74,0.02,0.73,1.51,7.03,0.03,0.51,0.42,0,3.02,1701,2022,"PSF",40.694953,-105.448748,"Mainstem","Mainstem","CLP Mainstem-Canyon","Partially Burned",NA,NA,33.951,"SUMMER","23 - PSF",24,"24"
"244","Poudre South Fork",2022-08-08,11.94,21.2,0.68,3.22,1.94,6.94,346.35,34.69,1.67,0.02,0.44,0.77,3.67,0.04,0.24,0.14,0,1,1700,2022,"SFM",40.61825,-105.525583,"Mainstem","South Fork","CLP Mainstem-Canyon","Partially Burned",NA,NA,53.476,"SUMMER","22 - SFM",23,"23"
"245","Sleeping Elephant",2022-08-08,5.22,3.8,0.86,2.72,0.31,6.94,376.9,48,1.39,0.02,0.66,1.22,6.62,0.02,0.34,0.69,0,3.63,1698,2022,"SLEP",40.682439,-105.771986,"Mainstem","Mainstem","CLP Mainstem-Canyon","Partially Burned",NA,NA,73.161,"SUMMER","20 - SLEP",21,"21"
"246","Poudre at Archery Range",2022-08-25,52.03,53.53,20.38,3.27,0.92,7.4,2358.44,629.95,25.36,0.1,2.63,17.92,64.98,0.49,21.61,1.49,0,124.04,1767,2022,"ARCH",40.5479138,-105.0011275,"Mainstem","Mainstem","CLP  Mainstem-Fort Collins","Partially Burned",NA,NA,NA,"SUMMER",NA,NA,NA
"247","Poudre at ELC",2022-08-25,34.98,41.51,25.91,3.27,0.96,7.6,2360.22,600.6,25.46,0.11,2.47,16.54,61.12,0.48,21.7,1.39,0,116.81,1766,2022,"ELC",40.5519476,-105.0105977,"Mainstem","Mainstem","CLP  Mainstem-Fort Collins","Partially Burned",NA,NA,NA,"SUMMER",NA,NA,NA
"248","JWC-Joe Wright @ Aspen Glen Campground",2022-08-25,1.31,2,1.11,2.68,0.31,7.31,375.4,41.69,1.19,0.06,0.58,0.8,5.29,0.06,0.55,0.14,0,2.04,1759,2022,"JWC",40.62055,-105.8183,"Mainstem","Mainstem","CLP Mainstem-Canyon","Partially Burned",NA,NA,80.916,"SUMMER","18 - JWC",19,"19"
"249","Poudre at Legacy Bridge",2022-08-25,31.07,28.73,4.2,2.77,0.37,7.07,773.59,104.34,4.68,0.04,1.93,2.26,12.28,0.39,2.08,1.24,0,7.66,1764,2022,"LEGC",40.6006194,-105.0860344,"Mainstem","Mainstem","CLP  Mainstem-Fort Collins","Partially Burned",NA,NA,NA,"SUMMER",NA,NA,NA
"250","Poudre at Bellvue Diversion",2022-08-25,15,32.21,1.13,2.5,0.27,7.47,538.5,66.89,2.2,0.03,0.9,1.83,7.89,0.1,0.99,0.04,0,3.89,1762,2022,"PBD",40.663976,-105.215337,"Mainstem","Mainstem","CLP Mainstem-Canyon","Partially Burned",NA,NA,0,"SUMMER","25 - PBD",26,"26"
"251","Poudre Above Joe Wright",2022-08-25,4.08,2.69,0.73,2.38,0.34,6.96,306.2,41.9,0.91,0.03,0.36,0.74,4.9,0.03,0.18,0.62,0,5.64,1760,2022,"PJW",40.634567,-105.807017,"Mainstem","Mainstem","CLP Mainstem-Canyon","Partially Burned",NA,NA,80.916,"SUMMER","19 - PJW",20,"20"
"252","Poudre Above North Fork",2022-08-25,18.09,15.66,1.01,2.53,0.45,7.17,499.98,57.16,2.05,0.02,0.9,1.4,7.11,0.04,0.8,0.11,0,4.12,1761,2022,"PNF",40.702459,-105.241588,"Mainstem","Mainstem","CLP Mainstem-Canyon","Partially Burned",NA,NA,7.471,"SUMMER","24 - PNF",25,"25"
"253","Poudre at Timberline",2022-08-25,28.17,30.98,10.17,3.22,0.67,7.28,1388.19,247.78,13.38,0.09,2.33,6.16,24.46,0.47,11.83,1.17,0,34.22,1765,2022,"TIMB",40.5754289,-105.0333903,"Mainstem","Mainstem","CLP  Mainstem-Fort Collins","Partially Burned",NA,NA,NA,"SUMMER",NA,NA,NA
"254","JWC-Joe Wright @ Aspen Glen Campground",2022-08-26,6.25,7.8,0.76,2.47,0.26,7.18,461,44.39,1.12,0.04,0.54,0.84,5.22,0.02,0.52,0.18,0,1.94,1769,2022,"JWC",40.62055,-105.8183,"Mainstem","Mainstem","CLP Mainstem-Canyon","Partially Burned",NA,NA,80.916,"SUMMER","18 - JWC",19,"19"
"255","Poudre at Bellvue Diversion",2022-08-26,21.83,26.86,1.02,2.64,0.34,7.49,582.97,68.42,2.26,0.02,0.99,1.9,8.12,0.1,0.9,0.04,0,4,1778,2022,"PBD",40.663976,-105.215337,"Mainstem","Mainstem","CLP Mainstem-Canyon","Partially Burned",NA,NA,0,"SUMMER","25 - PBD",26,"26"
"256","Poudre Below Rustic",2022-08-26,8.58,12.31,0.99,2.49,0.26,7.15,457.18,55.21,1.8,0.02,0.67,1.38,6.99,0.02,0.51,0.59,0,3.81,1773,2022,"PBR",40.700221,-105.544028,"Mainstem","Mainstem","CLP Mainstem-Canyon","Partially Burned",NA,NA,47.262,"SUMMER","21 - PBR",22,"22"
"257","Poudre Above Joe Wright",2022-08-26,0.87,0.19,0.7,2.38,0.39,6.95,280.85,39.58,0.84,0.02,0.38,0.72,4.85,0.02,0.16,0.59,0,5.51,1771,2022,"PJW",40.634567,-105.807017,"Mainstem","Mainstem","CLP Mainstem-Canyon","Partially Burned",NA,NA,80.916,"SUMMER","19 - PJW",20,"20"
"258","Poudre Above North Fork",2022-08-26,13.48,10.39,1.03,2.54,0.14,7.14,494.7,58.59,2.03,0.03,0.91,1.41,7.14,0.03,0.81,0.12,0,4.19,1777,2022,"PNF",40.702459,-105.241588,"Mainstem","Mainstem","CLP Mainstem-Canyon","Partially Burned",NA,NA,7.471,"SUMMER","24 - PNF",25,"25"
"259","Poudre Below S. Fork",2022-08-26,30.51,28.8,1.16,2.61,0.22,7.06,486.63,56.43,1.78,0.02,0.74,1.53,7.11,0.03,0.54,0.44,0,3.04,1776,2022,"PSF",40.694953,-105.448748,"Mainstem","Mainstem","CLP Mainstem-Canyon","Partially Burned",NA,NA,33.951,"SUMMER","23 - PSF",24,"24"
"260","Poudre South Fork",2022-08-26,7.44,10.4,0.73,2.42,0.19,6.94,400.67,35.91,1.68,0.02,0.47,0.78,3.77,0.04,0.23,0.15,0,1,1775,2022,"SFM",40.61825,-105.525583,"Mainstem","South Fork","CLP Mainstem-Canyon","Partially Burned",NA,NA,53.476,"SUMMER","22 - SFM",23,"23"
"261","Sleeping Elephant",2022-08-26,4.3,2.78,0.69,2.47,0.18,6.95,330.68,49.86,1.43,0.03,0.7,1.25,6.71,0.02,0.34,0.73,0,3.66,1772,2022,"SLEP",40.682439,-105.771986,"Mainstem","Mainstem","CLP Mainstem-Canyon","Partially Burned",NA,NA,73.161,"SUMMER","20 - SLEP",21,"21"
"262","Poudre South Fork",2022-08-31,0.09,5.8,0.85,2.22,0.23,6.95,383.23,36.34,1.7,0.01,0.48,0.8,3.8,0.03,0.2,0.13,0,1.08,1799,2022,"SFM",40.61825,-105.525583,"Mainstem","South Fork","CLP Mainstem-Canyon","Partially Burned",NA,NA,53.476,"SUMMER","22 - SFM",23,"23"
"263","JWC-Joe Wright @ Aspen Glen Campground",2022-09-09,2.95,0.97,1.45,2.55,0.27,6.84,456.23,49.75,1.53,0.03,0.78,1.23,6.4,0.05,0.55,0.13,0,2.45,1822,2022,"JWC",40.62055,-105.8183,"Mainstem","Mainstem","CLP Mainstem-Canyon","Partially Burned",NA,NA,80.916,"SUMMER","18 - JWC",19,"19"
"264","Poudre at Bellvue Diversion",2022-09-09,10.56,6.53,0.42,2.29,0.12,7.28,588.8,75.71,2.62,0.05,0.99,2.02,9.74,0.17,1.37,0.06,0,5.44,1830,2022,"PBD",40.663976,-105.215337,"Mainstem","Mainstem","CLP Mainstem-Canyon","Partially Burned",NA,NA,0,"SUMMER","25 - PBD",26,"26"
"265","Poudre Below Rustic",2022-09-09,4.06,1.11,0.14,2.26,0.22,6.85,541.98,62.73,1.93,0.05,0.88,1.68,8.27,0.02,0.58,0.13,0,4.2,1826,2022,"PBR",40.700221,-105.544028,"Mainstem","Mainstem","CLP Mainstem-Canyon","Partially Burned",NA,NA,47.262,"SUMMER","21 - PBR",22,"22"
"266","Poudre Above Joe Wright",2022-09-09,0.85,0.19,0.25,1.92,0.42,6.73,310.1,46.51,1.34,0.03,0.62,1.04,5.62,0.02,0.17,0.55,0,7.68,1823,2022,"PJW",40.634567,-105.807017,"Mainstem","Mainstem","CLP Mainstem-Canyon","Partially Burned",NA,NA,80.916,"SUMMER","19 - PJW",20,"20"
"267","Poudre Above North Fork",2022-09-09,13.27,3.6,0.58,2.14,0.17,7.17,478.04,64.02,2.16,0.01,0.91,1.7,8.25,0.06,0.73,0.09,0,5.48,1829,2022,"PNF",40.702459,-105.241588,"Mainstem","Mainstem","CLP Mainstem-Canyon","Partially Burned",NA,NA,7.471,"SUMMER","24 - PNF",25,"25"
"268","Poudre Below S. Fork",2022-09-09,11.48,18.6,0.79,2.09,0.13,7.07,541.23,64.88,2.09,0.02,0.88,1.62,7.77,0.02,0.6,0.11,0,5.39,1828,2022,"PSF",40.694953,-105.448748,"Mainstem","Mainstem","CLP Mainstem-Canyon","Partially Burned",NA,NA,33.951,"SUMMER","23 - PSF",24,"24"
"269","Poudre South Fork",2022-09-09,0.49,2,1.01,2.19,0.1,6.96,408.77,47.13,2.5,0.01,0.67,1.26,5.51,0.02,0.44,0.23,0,2.3,1827,2022,"SFM",40.61825,-105.525583,"Mainstem","South Fork","CLP Mainstem-Canyon","Partially Burned",NA,NA,53.476,"SUMMER","22 - SFM",23,"23"
"270","Sleeping Elephant",2022-09-09,5.98,4.6,1.04,2.17,0.14,6.93,362.27,54.55,1.49,0.03,0.7,1.37,7.61,0.02,0.31,0.35,0,6.59,1825,2022,"SLEP",40.682439,-105.771986,"Mainstem","Mainstem","CLP Mainstem-Canyon","Partially Burned",NA,NA,73.161,"SUMMER","20 - SLEP",21,"21"
"271","Poudre at Archery Range",2022-09-19,23.54,24.4,3.5,3.6,1.43,7.52,2451.49,596.77,23.94,0.26,2.33,16.77,57.37,0.17,17.17,1.83,0,125.26,1883,2022,"ARCH",40.5479138,-105.0011275,"Mainstem","Mainstem","CLP  Mainstem-Fort Collins","Partially Burned",NA,NA,NA,"SUMMER",NA,NA,NA
"272","Poudre at ELC",2022-09-19,6.47,4.98,5.49,3.28,1.11,7.82,2787.5,503.29,17.88,0.39,1.66,11.02,44.61,0.13,15.38,1.63,0,77.31,1882,2022,"ELC",40.5519476,-105.0105977,"Mainstem","Mainstem","CLP  Mainstem-Fort Collins","Partially Burned",NA,NA,NA,"SUMMER",NA,NA,NA
"273","JWC-Joe Wright @ Aspen Glen Campground",2022-09-19,0.46,3,1.62,2.58,0.29,6.97,499.88,56.73,1.66,0.03,0.89,1.32,7.67,0.05,0.62,0.14,0,2.85,1875,2022,"JWC",40.62055,-105.8183,"Mainstem","Mainstem","CLP Mainstem-Canyon","Partially Burned",NA,NA,80.916,"SUMMER","18 - JWC",19,"19"
"274","Poudre at Legacy Bridge",2022-09-19,2.89,1.9,1.73,2.68,0.49,7.39,1435.35,189.85,5.88,0.33,0.94,5.3,30.15,0.08,2.37,0.92,0,8.63,1880,2022,"LEGC",40.6006194,-105.0860344,"Mainstem","Mainstem","CLP  Mainstem-Fort Collins","Partially Burned",NA,NA,NA,"SUMMER",NA,NA,NA
"275","Poudre at Bellvue Diversion",2022-09-19,10.93,7.19,0.41,2.48,0.08,7.18,638.67,76.93,2.85,0,1.01,2.12,9.5,0.12,1.63,0.07,0,3.83,1879,2022,"PBD",40.663976,-105.215337,"Mainstem","Mainstem","CLP Mainstem-Canyon","Partially Burned",NA,NA,0,"SUMMER","25 - PBD",26,"26"
"276","Poudre Below Rustic",2022-09-19,4.33,4.6,0.66,2.22,0.18,7.08,589.34,67.11,2.27,0.02,1,1.7,8.27,0.02,0.86,0.08,0,3.58,1876,2022,"PBR",40.700221,-105.544028,"Mainstem","Mainstem","CLP Mainstem-Canyon","Partially Burned",NA,NA,47.262,"SUMMER","21 - PBR",22,"22"
"277","Poudre Above North Fork",2022-09-19,8.17,4.83,0.37,2.23,0.16,7.17,573.79,67.03,2.44,0,1.1,1.9,8.67,0.05,1.05,0.07,0,3.62,1878,2022,"PNF",40.702459,-105.241588,"Mainstem","Mainstem","CLP Mainstem-Canyon","Partially Burned",NA,NA,7.471,"SUMMER","24 - PNF",25,"25"
"278","Poudre at Timberline",2022-09-19,9.29,8.63,2.66,3.06,1.22,7.4,1462.83,349.53,14.47,0.41,1.2,7.91,32.74,0.12,12.41,1.71,0,62.25,1881,2022,"TIMB",40.5754289,-105.0333903,"Mainstem","Mainstem","CLP  Mainstem-Fort Collins","Partially Burned",NA,NA,NA,"SUMMER",NA,NA,NA
"279","JWC-Joe Wright @ Aspen Glen Campground",2022-09-23,1.71,1.8,2.91,2.34,0.25,7,510.46,54.53,1.66,0.04,0.79,1.29,6.98,0.06,0.62,0.08,0,2.34,1910,2022,"JWC",40.62055,-105.8183,"Mainstem","Mainstem","CLP Mainstem-Canyon","Partially Burned",NA,NA,80.916,"SUMMER","18 - JWC",19,"19"
"280","Poudre at Bellvue Diversion",2022-09-23,11.22,8.6,0.62,2.18,0.08,6.98,598.04,68.67,2.68,0.07,0.94,1.85,8.4,0.11,1.3,0.08,0,3.09,1918,2022,"PBD",40.663976,-105.215337,"Mainstem","Mainstem","CLP Mainstem-Canyon","Partially Burned",NA,NA,0,"SUMMER","25 - PBD",26,"26"
"281","Poudre Below Rustic",2022-09-23,2.78,1.8,1.2,2.18,0.06,6.91,518.52,60.13,2.15,0.05,0.92,1.63,7.67,0.08,0.95,0.08,0,3.06,1913,2022,"PBR",40.700221,-105.544028,"Mainstem","Mainstem","CLP Mainstem-Canyon","Partially Burned",NA,NA,47.262,"SUMMER","21 - PBR",22,"22"
"282","Poudre Above Joe Wright",2022-09-23,0.87,1.4,3.45,2.42,0.85,6.87,353.99,45.66,1.9,0.03,0.7,1.19,5.86,0.12,0.75,0.52,0,3.62,1911,2022,"PJW",40.634567,-105.807017,"Mainstem","Mainstem","CLP Mainstem-Canyon","Partially Burned",NA,NA,80.916,"SUMMER","19 - PJW",20,"20"
"283","Poudre Above North Fork",2022-09-23,6.48,4.6,0.9,2.02,0.13,6.93,563.8,64.85,2.38,0.06,0.9,1.71,7.91,0.1,1.01,0.08,0,3.05,1917,2022,"PNF",40.702459,-105.241588,"Mainstem","Mainstem","CLP Mainstem-Canyon","Partially Burned",NA,NA,7.471,"SUMMER","24 - PNF",25,"25"
"284","Poudre Below S. Fork",2022-09-23,4.34,3.41,0.95,2.33,0.08,6.92,497.31,60.44,2.29,0.04,0.89,1.62,7.28,0.09,0.89,0.08,0,3.85,1916,2022,"PSF",40.694953,-105.448748,"Mainstem","Mainstem","CLP Mainstem-Canyon","Partially Burned",NA,NA,33.951,"SUMMER","23 - PSF",24,"24"
"285","Poudre South Fork",2022-09-23,5.52,4.2,1.47,1.96,0.06,6.89,444.64,47.34,2.38,0.02,0.71,1.26,5.35,0.14,0.59,0.2,0,1.89,1914,2022,"SFM",40.61825,-105.525583,"Mainstem","South Fork","CLP Mainstem-Canyon","Partially Burned",NA,NA,53.476,"SUMMER","22 - SFM",23,"23"
"286","Sleeping Elephant",2022-09-23,2.43,2.4,2.6,2.29,0.28,6.86,438.68,52.37,1.81,0.03,0.79,1.31,7.01,0.08,0.69,0.13,0,2.75,1912,2022,"SLEP",40.682439,-105.771986,"Mainstem","Mainstem","CLP Mainstem-Canyon","Partially Burned",NA,NA,73.161,"SUMMER","20 - SLEP",21,"21"
"287","Poudre South Fork",2022-09-28,0.22,0,0.95,1.96,0.07,6.94,394.93,43.07,2.31,0.01,0.65,1.23,5.21,0.12,0.55,0.23,0,1.83,1941,2022,"SFM",40.61825,-105.525583,"Mainstem","South Fork","CLP Mainstem-Canyon","Partially Burned",NA,NA,53.476,"FALL","22 - SFM",23,"23"
"288","JWC-Joe Wright @ Aspen Glen Campground",2022-10-07,4.43,3.24,1.16,2.42,0.27,7.03,537.82,65.78,2.54,0,0.73,1.59,8.56,0.06,1.04,0.16,0,3.23,1962,2022,"JWC",40.62055,-105.8183,"Mainstem","Mainstem","CLP Mainstem-Canyon","Partially Burned",NA,NA,80.916,"FALL","18 - JWC",19,"19"
"289","Poudre at Bellvue Diversion",2022-10-07,0.92,2.22,0.48,2.35,0.09,7.2,890.54,89.75,2.79,0.06,1.21,2.34,9.03,0.12,1.78,0.07,0,4.12,1969,2022,"PBD",40.663976,-105.215337,"Mainstem","Mainstem","CLP Mainstem-Canyon","Partially Burned",NA,NA,0,"FALL","25 - PBD",26,"26"
"290","Poudre Below Rustic",2022-10-07,0.84,0.74,0.39,1.69,0.04,7.11,691.89,78.97,3.74,0.01,0.95,2.42,9.89,0.1,1.58,0.08,0,4.47,1965,2022,"PBR",40.700221,-105.544028,"Mainstem","Mainstem","CLP Mainstem-Canyon","Partially Burned",NA,NA,47.262,"FALL","21 - PBR",22,"22"
"291","Poudre Above Joe Wright",2022-10-07,0.49,1.51,0.58,2.03,0.41,6.96,402.07,50.14,2.69,0.02,0.53,1.3,6.05,0.11,0.73,0.75,0,3.29,1963,2022,"PJW",40.634567,-105.807017,"Mainstem","Mainstem","CLP Mainstem-Canyon","Partially Burned",NA,NA,80.916,"FALL","19 - PJW",20,"20"
"292","Poudre Above North Fork",2022-10-07,3.67,1.3,0.24,2.04,0.14,7.1,620.01,77.08,3.75,0.02,0.81,2.18,9.38,0.11,1.66,0.07,0,4,1968,2022,"PNF",40.702459,-105.241588,"Mainstem","Mainstem","CLP Mainstem-Canyon","Partially Burned",NA,NA,7.471,"FALL","24 - PNF",25,"25"
"293","Poudre Below S. Fork",2022-10-07,1.45,1.35,0.49,1.93,0.11,7.1,587.04,73.31,3.52,0.01,0.83,2.12,8.98,0.11,1.33,0.06,0,3.91,1967,2022,"PSF",40.694953,-105.448748,"Mainstem","Mainstem","CLP Mainstem-Canyon","Partially Burned",NA,NA,33.951,"FALL","23 - PSF",24,"24"
"294","Poudre South Fork",2022-10-07,0.39,1.76,NA,1.84,0.32,7.01,439.71,52.96,3.41,0.02,0.45,1.41,5.86,0.15,0.64,0.24,0,2.67,1966,2022,"SFM",40.61825,-105.525583,"Mainstem","South Fork","CLP Mainstem-Canyon","Partially Burned",NA,NA,53.476,"FALL","22 - SFM",23,"23"
"295","Sleeping Elephant",2022-10-07,0.91,1.32,0.68,2.17,0.28,6.99,555.2,64.34,2.77,0.02,0.63,1.76,7.88,0.11,0.94,0.5,0,3.61,1964,2022,"SLEP",40.682439,-105.771986,"Mainstem","Mainstem","CLP Mainstem-Canyon","Partially Burned",NA,NA,73.161,"FALL","20 - SLEP",21,"21"
"296","JWC-Joe Wright @ Aspen Glen Campground",2022-10-21,4.23,3,4.19,2.2,0.31,7.1,501.32,67.99,2.68,0.04,0.7,1.4,8.95,0.05,1.24,0.26,0,4.65,2004,2022,"JWC",40.62055,-105.8183,"Mainstem","Mainstem","CLP Mainstem-Canyon","Partially Burned",NA,NA,80.916,"FALL","18 - JWC",19,"19"
"297","Poudre at Bellvue Diversion",2022-10-21,0.84,1.8,0.52,2.38,0.16,6.91,878.15,102.04,4.45,0.01,0.95,3.23,11.63,0.13,2.51,0.06,0,4.81,2012,2022,"PBD",40.663976,-105.215337,"Mainstem","Mainstem","CLP Mainstem-Canyon","Partially Burned",NA,NA,0,"FALL","25 - PBD",26,"26"
"298","Poudre Below Rustic",2022-10-21,0.41,1,0.62,2.19,0.1,6.84,639.7,76.93,3.44,0.01,0.77,2.29,9.26,0.07,1.51,0.13,0.01,4.51,2007,2022,"PBR",40.700221,-105.544028,"Mainstem","Mainstem","CLP Mainstem-Canyon","Partially Burned",NA,NA,47.262,"FALL","21 - PBR",22,"22"
"299","Poudre Above Joe Wright",2022-10-21,0.51,1,0.36,1.82,0.44,6.89,370.56,54.2,3.03,0,0.52,1.17,6.88,0.03,1.11,0.41,0,4.35,2005,2022,"PJW",40.634567,-105.807017,"Mainstem","Mainstem","CLP Mainstem-Canyon","Partially Burned",NA,NA,80.916,"FALL","19 - PJW",20,"20"
"300","Poudre Above North Fork",2022-10-21,0.81,1.2,0.28,2.01,0.24,6.98,654.17,80.37,3.95,0.01,0.78,2.39,9.4,0.1,1.83,0.06,0,4.63,2011,2022,"PNF",40.702459,-105.241588,"Mainstem","Mainstem","CLP Mainstem-Canyon","Partially Burned",NA,NA,7.471,"FALL","24 - PNF",25,"25"
"301","Poudre Below S. Fork",2022-10-21,0.67,0.4,0.46,2.05,0.14,6.91,681.7,78.15,3.68,0.01,0.71,2.26,8.99,0.1,1.45,0.06,0.01,4.37,2010,2022,"PSF",40.694953,-105.448748,"Mainstem","Mainstem","CLP Mainstem-Canyon","Partially Burned",NA,NA,33.951,"FALL","23 - PSF",24,"24"
"302","Poudre South Fork",2022-10-21,0.77,1.2,0.62,1.95,0.2,7,424.43,49.99,3.2,0,0.41,1.35,5.35,0.14,0.66,0.27,0.01,2.62,2008,2022,"SFM",40.61825,-105.525583,"Mainstem","South Fork","CLP Mainstem-Canyon","Partially Burned",NA,NA,53.476,"FALL","22 - SFM",23,"23"
"303","Sleeping Elephant",2022-10-21,0.26,1,1.08,2.5,0.28,6.85,506.18,60.08,3.04,0.01,0.52,1.25,6.99,0.03,1.12,0.4,0,4.36,2006,2022,"SLEP",40.682439,-105.771986,"Mainstem","Mainstem","CLP Mainstem-Canyon","Partially Burned",NA,NA,73.161,"FALL","20 - SLEP",21,"21"
"304","JWC-Joe Wright @ Aspen Glen Campground",2022-11-08,1.68,2.12,2.96,2.8,0.25,7.06,545.45,65.68,1.99,0.03,0.83,1.59,8.24,0.03,1.22,0.2,0,4.45,2045,2022,"JWC",40.62055,-105.8183,"Mainstem","Mainstem","CLP Mainstem-Canyon","Partially Burned",NA,NA,80.916,"FALL","18 - JWC",19,"19"
"305","Poudre at Bellvue Diversion",2022-11-08,1.11,1.51,0.28,2.56,0.3,7.15,738.49,94.7,4.02,0.04,0.92,2.55,12.76,0.1,2.05,0.05,0,4.65,2055,2022,"PBD",40.663976,-105.215337,"Mainstem","Mainstem","CLP Mainstem-Canyon","Partially Burned",NA,NA,0,"FALL","25 - PBD",26,"26"
"306","Poudre Below Rustic",2022-11-08,1.87,0.63,0.52,1.91,0.09,7.15,686.42,79.89,3.52,0.02,1.06,2.47,9.4,0.06,1.52,0.08,0,4.52,2050,2022,"PBR",40.700221,-105.544028,"Mainstem","Mainstem","CLP Mainstem-Canyon","Partially Burned",NA,NA,47.262,"FALL","21 - PBR",22,"22"
"307","Poudre Above Joe Wright",2022-11-08,0.23,0.61,0.35,1.86,0.56,7.01,362.28,53.26,3.09,0.01,0.5,1.2,6.89,0.04,0.98,0.38,0,4,2047,2022,"PJW",40.634567,-105.807017,"Mainstem","Mainstem","CLP Mainstem-Canyon","Partially Burned",NA,NA,80.916,"FALL","19 - PJW",20,"20"
"308","Poudre Above North Fork",2022-11-08,1.56,0.75,0.26,2.41,0.2,7.19,756.22,86.77,3.9,0.01,0.94,2.39,10.32,0.08,1.8,0.04,0,4.4,2054,2022,"PNF",40.702459,-105.241588,"Mainstem","Mainstem","CLP Mainstem-Canyon","Partially Burned",NA,NA,7.471,"FALL","24 - PNF",25,"25"
"309","Poudre Below S. Fork",2022-11-08,2.11,1.9,0.49,1.97,0.09,7.14,624.64,74.67,3.47,0.03,0.89,2.21,8.19,0.09,1.43,0.05,0,4.3,2053,2022,"PSF",40.694953,-105.448748,"Mainstem","Mainstem","CLP Mainstem-Canyon","Partially Burned",NA,NA,33.951,"FALL","23 - PSF",24,"24"
"310","Poudre South Fork",2022-11-08,5.06,5.93,1.36,1.67,0.22,7.01,443.36,52.43,3.02,0.03,0.58,1.53,5.88,0.14,0.64,0.26,0,2.65,2051,2022,"SFM",40.61825,-105.525583,"Mainstem","South Fork","CLP Mainstem-Canyon","Partially Burned",NA,NA,53.476,"FALL","22 - SFM",23,"23"
"311","Sleeping Elephant",2022-11-08,2.79,1.31,2.21,2.09,0.27,7.06,498.39,62.64,2.46,0.03,0.74,1.7,7.56,0.03,1.02,0.38,0,4.2,2049,2022,"SLEP",40.682439,-105.771986,"Mainstem","Mainstem","CLP Mainstem-Canyon","Partially Burned",NA,NA,73.161,"FALL","20 - SLEP",21,"21"
"312","Poudre at Bellvue Diversion",2022-12-16,NA,NA,NA,2.05,0.3,7.21,820.34,96.51,3.89,0.03,0.89,2.4,12.34,0.09,1.67,0.41,0,4.66,2064,2022,"PBD",40.663976,-105.215337,"Mainstem","Mainstem","CLP Mainstem-Canyon","Partially Burned",NA,NA,0,"FALL","25 - PBD",26,"26"
"313","Poudre Below Rustic",2022-12-16,NA,NA,NA,2.39,0.26,7.21,690.79,80.45,3.55,0.03,1,2.45,9,0.09,1.69,0.41,0,4.67,2062,2022,"PBR",40.700221,-105.544028,"Mainstem","Mainstem","CLP Mainstem-Canyon","Partially Burned",NA,NA,47.262,"FALL","21 - PBR",22,"22"
"314","Poudre Above Joe Wright",2022-12-16,NA,NA,NA,1.85,0.61,7.02,388.61,52.31,3,0.01,0.49,1.16,6.78,0.03,0.62,0.55,0,3.23,2061,2022,"PJW",40.634567,-105.807017,"Mainstem","Mainstem","CLP Mainstem-Canyon","Partially Burned",NA,NA,80.916,"FALL","19 - PJW",20,"20"
"315","Poudre Above North Fork",2022-12-16,NA,NA,NA,2.41,0.56,7.22,730.21,86.61,3.89,0.02,0.91,2.23,10.23,0.11,1.59,0.38,0,4.7,2063,2022,"PNF",40.702459,-105.241588,"Mainstem","Mainstem","CLP Mainstem-Canyon","Partially Burned",NA,NA,7.471,"FALL","24 - PNF",25,"25"
